eventType,location,startTime,homeTeam,visitingTeam,endTime,description,googleEventId
Practice,Chaldecott Park N diamond,04/02/2025 18:00:00,VCB 15U Dodgers,,04/02/2025 19:30:00,Practice,2t7ifjbqs7gse7fega4bnj6dgs
Practice,Chaldecott Park N diamond,04/02/2025 18:00:00,VCB 15U Expos,,04/02/2025 19:30:11,VCB 15U Expos Baseball Practice,sb62mg9ukbbd8j9v2sjg3oubec
Game,Chaldecott Park N diamond,04/05/2025 14:30:00,VCB 15U Blue Jays,VCB 15U A's,04/05/2025 16:30:00,,4e7ggi5577d0fps3rfkb4nshss
Game,Chaldecott Park N diamond,04/05/2025 17:30:00,VCB 15U Mariners,VCB 15U Rockies,04/05/2025 19:30:00,,mkhfeo4uq7noppvejblj3o84f4
Game,Chaldecott Park N diamond,04/06/2025 11:30:00,VCB 15U Red Sox,VCB 15U Mariners,04/06/2025 13:30:00,,9qjgqrgjv1kf49q9fga81fl23k
Game,Chaldecott Park N diamond,04/06/2025 14:30:00,VCB 16U Red Sox-Girls,VCB 16U White Sox,04/06/2025 16:30:00,,f566aonq1mnbb1v6tanj18iong
Game,Chaldecott Park N diamond,04/06/2025 17:30:00,VCB 15U Expos,VCB 15U Dodgers,04/06/2025 19:30:00,,4lcrudcv493hivtobv3s89hph8
Practice,Chaldecott Park N diamond,04/09/2025 18:00:00,VCB 15U Expos,,04/09/2025 19:30:11,VCB 15U Expos Baseball Practice,crjod332hjn8v013a0m85d4tss
Game,Chaldecott Park N diamond,04/12/2025 10:00:00,VCB 13U AAA,Ladner,04/12/2025 12:00:00,,ehikp8g1cag5dmjtocgn0c01hk
Game,Chaldecott Park N diamond,04/12/2025 12:30:00,VCB 13U AAA,Ladner,04/12/2025 14:30:00,,hk1f3lhsa5heme7g4l4772jka4
Game,Chaldecott Park N diamond,04/13/2025 11:30:00,VCB 16U Red Sox-Girls,VCB 15U Red Sox,04/13/2025 13:30:00,,4smuvd428v4e80o03f77lja1fk
Game,Chaldecott Park N diamond,04/13/2025 14:30:00,VCB 15U Mariners,VCB 15U Dodgers,04/13/2025 16:30:00,,61ngoouhp9jvqq8v2lg1l60p58
Game,Chaldecott Park N diamond,04/13/2025 17:30:00,VCB 15U Expos,VCB 16U White Sox,04/13/2025 19:30:00,,5ujhn9r59u1mdcgjmjousrooi8
Practice,Chaldecott Park N diamond,04/16/2025 18:00:00,VCB 15U Dodgers,,04/16/2025 19:30:00,Practice,efbvlmtkhng9fahfq12c4dveu4
Practice,Chaldecott Park N diamond,04/16/2025 18:00:00,VCB 15U Expos,,04/16/2025 19:30:11,VCB 15U Expos Baseball Practice,4944defa7ntoplug59jc7heuf8
Game,Chaldecott Park N diamond,04/19/2025 11:30:00,VCB 15U Blue Jays,VCB 15U Rockies,04/19/2025 13:30:00,,funojdgqi0i7v4masaa167d9fc
Game,Chaldecott Park N diamond,04/19/2025 14:30:00,VCB 15U Yankees,VCB 16U White Sox,04/19/2025 16:30:00,,leq14lu71d93i4bdid97dsmjas
Game,Chaldecott Park N diamond,04/20/2025 10:00:00,VCB 13U AAA,Township,04/20/2025 12:00:00,,1qrms0t2idgp4nq1osjhgac58o
Game,Chaldecott Park N diamond,04/20/2025 12:30:00,VCB 13U AAA,Township,04/20/2025 14:30:00,,j6f7ai64qal174h1rpq6qgkgl0
Game,Chaldecott Park N diamond,04/20/2025 15:00:00,VCB 15U Red Sox,VCB 15U Yankees,04/20/2025 17:00:00,,goukapq62bhe4e9qtkncrci81g
Practice,Chaldecott Park N diamond,04/23/2025 18:00:00,VCB 15U Dodgers,,04/23/2025 19:30:00,Practice,nkt6qikqjfdba6v4kj6sfp180k
Practice,Chaldecott Park N diamond,04/23/2025 18:00:00,VCB 15U Expos,,04/23/2025 19:30:11,VCB 15U Expos Baseball Practice,38ldnn83hm7ppiujsmffaeo3vg
Game,Chaldecott Park N diamond,04/26/2025 11:30:00,VCB 15U Yankees,VCB 15U Red Sox,04/26/2025 13:30:00,,707cnst8852aap0l89up44bon0
Game,Chaldecott Park N diamond,04/26/2025 15:00:00,VCB 13U AAA,Comox Valley,04/26/2025 17:00:00,,gf358ibj04e2imar70nnjth0gk
Game,Chaldecott Park N diamond,04/26/2025 17:30:00,VCB 13U AAA,Comox Valley,04/26/2025 19:30:00,,h41kmmq92q9pdr8cfh98q2mkgg
Game,Chaldecott Park N diamond,04/27/2025 11:30:00,VCB 15U Dodgers,VCB 16U White Sox,04/27/2025 13:30:00,,ijapqosshd1ck29a6f30su7b8c
Game,Chaldecott Park N diamond,04/27/2025 14:30:00,VCB 16U Red Sox-Girls,VCB 15U Rockies,04/27/2025 16:30:00,,skait6l0a1ll1ge8ahrho07s20
Game,Chaldecott Park N diamond,04/27/2025 17:30:00,VCB 15U A's,VCB 15U Yankees,04/27/2025 19:30:00,,2acvs0hneq8q3eqcgh3n5vb6m0
Practice,Chaldecott Park N diamond,04/30/2025 18:00:00,VCB 15U Dodgers,,04/30/2025 19:30:00,Practice,vacp7i7o5k02hiftnl4od2g3q4
Practice,Chaldecott Park N diamond,04/30/2025 18:00:00,VCB 15U Expos,,04/30/2025 19:30:11,VCB 15U Expos Baseball Practice,51jsj9oa94l6ejp51jgn87cj1s
Game,Chaldecott Park N diamond,05/03/2025 12:00:00,VCB 16U White Sox,VCB 15U Mariners,05/03/2025 14:00:00,,9o3dkaqlvubfveb85ftucsbfcg
Game,Chaldecott Park N diamond,05/03/2025 15:00:00,VCB 13U AAA,COMBA,05/03/2025 17:00:00,,cmv4m6l5fcna89ih0inj8igs30
Game,Chaldecott Park N diamond,05/03/2025 17:30:00,VCB 13U AAA,COMBA,05/03/2025 19:30:00,,sr77ck8kb98cgkobntbcb4demo
Game,Chaldecott Park N diamond,05/04/2025 12:00:00,VCB 15U Red Sox,VCB 15U Expos,05/04/2025 14:00:00,,chioql6tkhra2jqdmjq4q1epqs
Game,Chaldecott Park N diamond,05/04/2025 15:00:00,VCB 15U Rockies,VCB 15U Blue Jays,05/04/2025 17:00:00,,asu9p7ct01q9mdd9l1kgog8sac
Practice,Chaldecott Park N diamond,05/07/2025 18:00:00,VCB 15U Dodgers,,05/07/2025 19:30:00,Practice,9pbtqhh71k1cb43gb61cu8vufc
Practice,Chaldecott Park N diamond,05/07/2025 18:00:00,VCB 15U Expos,,05/07/2025 19:30:11,VCB 15U Expos Baseball Practice,admee36tc0vd9kip32pnv9aaoo
Game,Chaldecott Park N diamond,05/10/2025 12:00:00,VCB 15U Red Sox,VCB 16U Red Sox-Girls,05/10/2025 14:00:00,,6k0bnepnsmpbmt9qp31b7sj8t0
Game,Chaldecott Park N diamond,05/10/2025 15:00:00,VCB 15U Yankees,VCB 15U Expos,05/10/2025 17:00:00,,9di0b3rau664kv1orb73adv26s
Game,Chaldecott Park N diamond,05/10/2025 18:00:00,VCB 15U Mariners,VCB 15U A's,05/10/2025 20:00:00,,r3dbm3u4sokvfhneh6fgmtg3js
Game,Chaldecott Park N diamond,05/11/2025 12:00:00,VCB 15U Blue Jays,VCB 15U Expos,05/11/2025 14:00:00,,br2asss8adui7mp5aijosjfhlc
Game,Chaldecott Park N diamond,05/11/2025 15:00:00,VCB 16U White Sox,VCB 15U Dodgers,05/11/2025 17:00:00,,5h7cueg9t0iumlkie5uoratobg
Practice,Chaldecott Park N diamond,05/14/2025 18:00:00,VCB 15U Dodgers,,05/14/2025 19:30:00,Practice,mudelpmqe5baiohfd6ep6295us
Practice,Chaldecott Park N diamond,05/14/2025 18:00:00,VCB 15U Expos,,05/14/2025 19:30:11,VCB 15U Expos Baseball Practice,d3jbb5vhs1pn9n970oji92dr8c
Game,Chaldecott Park N diamond,05/18/2025 10:00:00,VCB 13U AAA,North Shore,05/18/2025 12:00:00,,fc8fb6m6abjpbe6f0o7b7hga8c
Game,Chaldecott Park N diamond,05/18/2025 12:30:00,VCB 13U AAA,North Shore,05/18/2025 14:30:00,,05mdbsh10i7idkqa6d1fdlho68
Practice,Chaldecott Park N diamond,05/21/2025 18:00:00,VCB 15U Dodgers,,05/21/2025 19:30:00,Practice,pq42nhm2e1cohm2iqvkpijam0c
Practice,Chaldecott Park N diamond,05/21/2025 18:00:00,VCB 15U Expos,,05/21/2025 19:30:11,VCB 15U Expos Baseball Practice,1cqjc19ms8lgccoui8r8288ga4
Game,Chaldecott Park N diamond,05/24/2025 12:00:00,VCB 15U Rockies,VCB 15U A's,05/24/2025 14:00:00,,gl41eejqd5bi102u0orfdkd0v0
Game,Chaldecott Park N diamond,05/24/2025 15:00:00,VCB 13U AAA,Cowichan Valley,05/24/2025 17:00:00,,m9f6ki2n13meoao6fhvl9blmi4
Game,Chaldecott Park N diamond,05/24/2025 17:30:00,VCB 13U AAA,Cowichan Valley,05/24/2025 19:30:00,,1e2nr3pkjgg2nrnp3eftc101a0
Game,Chaldecott Park N diamond,05/25/2025 10:00:00,VCB 13U AAA,SOMBA,05/25/2025 12:00:00,,k0ls1bl08s3sglktno3htp24kc
Game,Chaldecott Park N diamond,05/25/2025 12:30:00,VCB 13U AAA,SOMBA,05/25/2025 14:30:00,,hj646t6mp3ao8p2d4rsihgtbsk
Game,Chaldecott Park N diamond,05/25/2025 18:00:00,VCB 15U Expos,VCB 15U Rockies,05/25/2025 20:00:00,,ij0nv8k7bseeo7uqgdjk4ehsbo
Practice,Chaldecott Park N diamond,05/28/2025 18:00:00,VCB 15U Dodgers,,05/28/2025 19:30:00,Practice,3jcihlmvefaq2oemrb5r6idgjo
Practice,Chaldecott Park N diamond,05/28/2025 18:00:00,VCB 15U Expos,,05/28/2025 19:30:11,VCB 15U Expos Baseball Practice,66qo6b9effv65fl8csbo53gf40
Game,Chaldecott Park N diamond,05/31/2025 12:00:00,VCB 16U White Sox,VCB 15U Rockies,05/31/2025 14:00:00,,qb40g5161j4cev5dfkk2lokvqg
Game,Chaldecott Park N diamond,05/31/2025 15:00:00,VCB 16U Red Sox-Girls,VCB 15U A's,05/31/2025 17:00:00,,aggh54n8bvi7k6jgn5ku9n00u0
Game,Chaldecott Park N diamond,06/01/2025 12:00:00,VCB 16U Red Sox-Girls,VCB 15U Mariners,06/01/2025 14:00:00,,iuur6ivl27rdekhphd2cbto2o8
Game,Chaldecott Park N diamond,06/01/2025 15:00:00,VCB 15U Red Sox,VCB 15U Rockies,06/01/2025 17:00:00,,hnkk17uedakmpdqnp856212g5s
Practice,Chaldecott Park N diamond,06/04/2025 18:00:00,VCB 15U Dodgers,,06/04/2025 19:30:00,Practice,aruipgcampcl72t4i7ocavktho
Practice,Chaldecott Park N diamond,06/04/2025 18:00:00,VCB 15U Expos,,06/04/2025 19:30:11,VCB 15U Expos Baseball Practice,5c69kt3obl5od7jugce7btgcqg
Game,Chaldecott Park N diamond,06/07/2025 12:00:00,VCB 15U Dodgers,VCB 15U Expos,06/07/2025 14:00:00,,07hgiidnjqfsbk4h6grjnhe6gc
Game,Chaldecott Park N diamond,06/07/2025 15:00:00,VCB 15U Yankees,VCB 16U Red Sox-Girls,06/07/2025 17:00:00,,3b1f3141nfu2v3idph86c7qsu0
Game,Chaldecott Park N diamond,06/07/2025 18:00:00,VCB 15U Blue Jays,VCB 15U Red Sox,06/07/2025 20:00:00,,krtme4go52l98jhup50424s22s
Game,Chaldecott Park N diamond,06/08/2025 10:00:00,VCB 13U AAA,Cloverdale,06/08/2025 12:00:00,,npca8n8jga7n2pgvpm72re9gn0
Game,Chaldecott Park N diamond,06/08/2025 12:30:00,VCB 13U AAA,Cloverdale,06/08/2025 14:30:00,,20kjn7ojssrl9diblb8ljat3pg
Game,Chaldecott Park N diamond,06/08/2025 15:00:00,VCB 15U Red Sox,VCB 15U A's,06/08/2025 17:00:00,,k8bbrmto8qiok4gedft8v9afe8
Game,Chaldecott Park N diamond,06/08/2025 18:00:00,VCB 15U Expos,VCB 15U Yankees,06/08/2025 20:00:00,,i4vg9f1901ijnbpi1gkfj8i54g
Practice,Chaldecott Park N diamond,06/11/2025 18:00:00,VCB 15U Expos,,06/11/2025 19:30:11,VCB 15U Expos Baseball Practice,ilt9ipn76nfllksece363kg8ik
Game,Chaldecott Park N diamond,06/22/2025 10:00:00,VCB 13U AAA,White Rock,06/22/2025 12:00:00,,ask0h04kvdrg56pl327rs4l61g
Game,Chaldecott Park N diamond,06/22/2025 12:30:00,VCB 13U AAA,White Rock,06/22/2025 14:30:00,,7df004179e5hc8kin2njtjv7j4
Practice,Chaldecott Park S diamond,03/31/2025 16:30:00,VCB 13U AAA,,03/31/2025 18:00:00,Team Practice,1fduspmu5nhvfdu8117v7mn5gk
Practice,Chaldecott Park S diamond,04/01/2025 18:30:00,VCB 13U AA,,04/01/2025 20:00:05,Practice,pt9q7caaonnvbfo1dlcol9167o
Practice,Chaldecott Park S diamond,04/03/2025 17:00:00,VCB 13U AA,,04/03/2025 18:30:58,Practice,ktgeb6c04pamcajaollm2sr7v8
Practice,Chaldecott Park S diamond,04/07/2025 16:30:00,VCB 13U AAA,,04/07/2025 18:00:00,Team Practice,h0d9btkbstgqf4526smi3j4p1k
Practice,Chaldecott Park S diamond,04/08/2025 18:30:00,VCB 13U AA,,04/08/2025 20:00:29,Practice,k3l8u9iavf4euc0qoh723n439s
Practice,Chaldecott Park S diamond,04/10/2025 17:00:00,VCB 13U AA,,04/10/2025 18:30:55,Practice,s02ukebapg0j8up5h78tj8k3ls
Practice,Chaldecott Park S diamond,04/15/2025 18:30:00,VCB 13U AA,,04/15/2025 20:00:50,Practice,9qbi93k86kn1prf0709mcka1m0
Practice,Chaldecott Park S diamond,04/22/2025 16:30:00,VCB 13U AAA,,04/22/2025 18:00:00,Team Practice,9t844itmsivfialdrkfedgflp4
Practice,Chaldecott Park S diamond,04/22/2025 18:30:00,VCB 13U AA,,04/22/2025 20:00:09,Practice,tlss1rn0441tp77s58ftdn0rt8
Practice,Chaldecott Park S diamond,04/29/2025 18:00:00,VCB 13U AA,,04/29/2025 19:30:16,Practice,c6drn1811lvbjsv7bpv7vn0ers
Practice,Chaldecott Park S diamond,05/01/2025 17:00:00,VCB 13U AA,,05/01/2025 18:30:40,Practice,l9vvi8pku79d4t4qfbq7vrqkcc
Practice,Chaldecott Park S diamond,05/06/2025 16:30:00,VCB 13U AAA,,05/06/2025 18:00:00,Team Practice,amsqdrq0uobd25qseq97cm4cb4
Practice,Chaldecott Park S diamond,05/06/2025 18:30:00,VCB 13U AA,,05/06/2025 20:00:45,Practice,mk37raeqvlvnj72lh17j4c2368
Practice,Chaldecott Park S diamond,05/20/2025 16:30:00,VCB 13U AAA,,05/20/2025 18:00:00,Team Practice,e2q8meat79t41gjq3spmvkvk3g
Practice,Chaldecott Park S diamond,06/03/2025 16:30:00,VCB 13U AAA,,06/03/2025 18:00:00,Team Practice,frqmad4subi4pt6clifk0umqjc
Practice,Chaldecott Park S diamond,06/17/2025 16:30:00,VCB 13U AAA,,06/17/2025 18:00:00,Team Practice,hqkq68ok5o8kmh2il5pl6qir8o
Practice,Chaldecott Park S diamond,07/01/2025 16:30:00,VCB 13U AAA,,07/01/2025 18:00:00,Team Practice,kqiqu3bg51pn676g1i1rjbe024
Practice,Hillcrest Park NE diamond,03/28/2025 10:00:00,VCB 15U AAA,,03/28/2025 12:00:00,Field Set up @ Hillcrest,7344tc59tjimmmjdkkqiie7db4
Practice,Hillcrest Park NE diamond,04/05/2025 10:00:00,VCB Expos 15U AA Blue,,04/05/2025 11:00:00,Fence Day,n4rjhupbbu0uob588740ohaun8
Practice,Hillcrest Park NE diamond,04/08/2025 18:15:00,VCB 15U AAA,,04/08/2025 20:15:00,Practice,77qcg78bh2tr4vsi8c2abdtkd4
Game,Hillcrest Park NE diamond,04/09/2025 17:30:00,VCB 15U Dodgers,VCB 16U Red Sox-Girls,04/09/2025 19:30:00,,1dttpou5c5lb81q7d632qjn978
Game,Hillcrest Park NE diamond,04/11/2025 17:30:00,VCB 15U A's,VCB 15U Expos,04/11/2025 19:30:00,,0tdcvq9nmctf1tbnha9b8o2g8k
Game,Hillcrest Park NE diamond,04/12/2025 11:30:00,VCB 16U White Sox,VCB 15U Yankees,04/12/2025 13:30:00,,bhk37n02m1trf6f7av2dno5kso
Game,Hillcrest Park NE diamond,04/12/2025 14:30:00,VCB 15U Blue Jays,VCB 15U Mariners,04/12/2025 16:30:00,,in2q7td7jmgr3j4ul0airfk5og
Game,Hillcrest Park NE diamond,04/12/2025 17:30:00,VCB 15U Rockies,VCB 15U Red Sox,04/12/2025 19:30:00,,rb69umarblpogf96vkuqa1e3bs
Game,Hillcrest Park NE diamond,04/13/2025 12:00:00,VCB Expos 15U AA Blue,VCB 15U AA Red,04/13/2025 14:00:00,,ab7fcb91a0jcv4f0aqdpnkv6lk
Game,Hillcrest Park NE diamond,04/13/2025 14:30:00,VCB Expos 15U AA Blue,VCB 15U AA Red,04/13/2025 16:30:00,,b8ngftf1k2figmu10616gpf93g
Game,Hillcrest Park NE diamond,04/13/2025 17:30:00,VCB 15U Yankees,VCB 15U A's,04/13/2025 19:30:00,,4r2och0leir0l6rtufuel1d22c
Practice,Hillcrest Park NE diamond,04/15/2025 18:15:00,VCB 15U AAA,,04/15/2025 20:15:00,Practice,v0ml1on5sdsa06uon2n3k3j0m0
Game,Hillcrest Park NE diamond,04/16/2025 17:30:00,VCB 15U Rockies,VCB 15U Expos,04/16/2025 19:30:00,,niql1gjo87t39luoccfold0oac
Practice,Hillcrest Park NE diamond,04/17/2025 16:15:00,VCB 15U AAA,,04/17/2025 18:15:00,Practice,elsiku74b9ud61hckkckh40mt0
Game,Hillcrest Park NE diamond,04/18/2025 17:30:00,VCB 15U Expos,VCB 15U Red Sox,04/18/2025 19:30:00,,lsgsc97h5hgalsnhio0duhp0gs
Game,Hillcrest Park NE diamond,04/19/2025 11:00:00,VCB 15U AA Red,Ladner,04/19/2025 13:00:00,,81gb6auujlv71o2vjog340sq1o
Game,Hillcrest Park NE diamond,04/19/2025 13:30:00,VCB 15U AA Red,Ladner,04/19/2025 15:30:00,,7bpfili30cpgr7acd4ovdjo98c
Game,Hillcrest Park NE diamond,04/19/2025 17:30:00,VCB 15U Mariners,VCB 16U Red Sox-Girls,04/19/2025 19:30:00,,3at37un8hqgsgbaopl6jght8q8
Game,Hillcrest Park NE diamond,04/20/2025 11:00:00,VCB Expos 15U AA Blue,Tsawwassen,04/20/2025 13:00:00,,689chvg0t5h6rnmhpctflrjb7g
Game,Hillcrest Park NE diamond,04/20/2025 13:30:00,VCB Expos 15U AA Blue,Tsawwassen,04/20/2025 15:30:00,,pptemm2jft1c132adh46s0cel0
Game,Hillcrest Park NE diamond,04/20/2025 17:30:00,VCB 16U White Sox,VCB 16U Red Sox-Girls,04/20/2025 19:30:00,,k9fmg7ao60s8ag6r6685fpd0k8
Practice,Hillcrest Park NE diamond,04/22/2025 18:15:00,VCB 15U AAA,,04/22/2025 20:15:00,Practice,3kq1f1b9usfgfl0ledcid20o2c
Game,Hillcrest Park NE diamond,04/23/2025 17:30:00,VCB 15U Rockies,VCB 16U White Sox,04/23/2025 19:30:00,,vf9im0hqcefpb7u8b02ffn8hko
Practice,Hillcrest Park NE diamond,04/24/2025 16:15:00,VCB 15U AAA,,04/24/2025 18:15:00,Practice,lpf6qrtsppbqa6oiilpkssr1co
Game,Hillcrest Park NE diamond,04/25/2025 17:30:00,VCB 15U Mariners,VCB 15U Blue Jays,04/25/2025 19:30:00,,gmjabik02lqqi78h30sfl0vrkc
Game,Hillcrest Park NE diamond,04/26/2025 10:00:00,VCB 15U AA Red,Richmond,04/26/2025 12:00:00,,odggfcq9omehb9jmshslsrobhs
Game,Hillcrest Park NE diamond,04/26/2025 12:30:00,VCB 15U AA Red,Richmond,04/26/2025 14:30:00,,ht8ljbuu204sigkt8uqak7tg3g
Game,Hillcrest Park NE diamond,04/26/2025 15:00:00,VCB 15U AAA,Victoria,04/26/2025 17:00:00,,87soogisoa4u4m99vcujj6fiog
Game,Hillcrest Park NE diamond,04/26/2025 17:30:00,VCB 15U AAA,Victoria,04/26/2025 19:30:00,,omlo7oaqpmulgaba9j0qae6mg4
Game,Hillcrest Park NE diamond,04/27/2025 10:00:00,VCB Expos 15U AA Blue,Ladner,04/27/2025 12:00:00,,9sutjdme3qdo93vkiaauco8o6o
Game,Hillcrest Park NE diamond,04/27/2025 12:30:00,VCB Expos 15U AA Blue,Ladner,04/27/2025 14:30:00,,3rgbirllgrq5eoa8nf0ap74gk0
Game,Hillcrest Park NE diamond,04/27/2025 15:00:00,VCB 15U AAA,Abbotsford,04/27/2025 17:00:00,,jjh2s7kg5q76gtqaettsn9oons
Game,Hillcrest Park NE diamond,04/27/2025 17:30:00,VCB 15U AAA,Abbotsford,04/27/2025 19:30:00,,tng07fk9ct2g3gt04ivopmeckc
Practice,Hillcrest Park NE diamond,04/29/2025 18:15:00,VCB 15U AAA,,04/29/2025 20:15:00,Practice,1r8kpcd9st1pa1ebd19bst4f08
Game,Hillcrest Park NE diamond,04/30/2025 18:00:00,VCB 15U A's,VCB 15U Red Sox,04/30/2025 20:00:00,,dh7od2iiv5h9lv75lt0baa9qvo
Practice,Hillcrest Park NE diamond,05/01/2025 16:15:00,VCB 15U AAA,,05/01/2025 18:15:00,Practice,koq15kk6v98uu0d4t1fq3ka138
Game,Hillcrest Park NE diamond,05/02/2025 18:00:00,VCB 15U Rockies,VCB 15U Dodgers,05/02/2025 20:00:00,,vv54dd781c7ecbv0e7oqbfqiao
Game,Hillcrest Park NE diamond,05/03/2025 18:00:00,VCB 15U Expos,VCB 15U A's,05/03/2025 20:00:00,,3sqv1qav8gdggtm96i1o1cst0g
Game,Hillcrest Park NE diamond,05/04/2025 18:00:00,VCB 15U Mariners,VCB 15U Yankees,05/04/2025 20:00:00,,jbe8l4n4ndopfmhsu5nvos0n4k
Practice,Hillcrest Park NE diamond,05/06/2025 18:15:00,VCB 15U AAA,,05/06/2025 20:15:00,Practice,tl6bn8j0dboa33g280huvagjf0
Game,Hillcrest Park NE diamond,05/07/2025 18:00:00,VCB 15U A's,VCB 16U White Sox,05/07/2025 20:00:00,,h9dqrjemrruata12m18quvlmn0
Practice,Hillcrest Park NE diamond,05/08/2025 16:15:00,VCB 15U AAA,,05/08/2025 18:15:00,Practice,hatst0ve085io37v2hjqf3asd0
Game,Hillcrest Park NE diamond,05/09/2025 18:00:00,VCB 15U Red Sox,VCB 15U Blue Jays,05/09/2025 20:00:00,,p02uhv29v6q8qjg1o87hlb2itg
Game,Hillcrest Park NE diamond,05/10/2025 10:00:00,VCB 15U AA Red,Victoria-Layritz,05/10/2025 12:00:00,,4qtu6cl2f7amjfvtoane4usd90
Game,Hillcrest Park NE diamond,05/10/2025 12:30:00,VCB 15U AA Red,Victoria-Layritz,05/10/2025 14:30:00,,5e8a50s3nk4843243vutkrfv1g
Game,Hillcrest Park NE diamond,05/10/2025 15:00:00,VCB 15U AAA,Kamloops,05/10/2025 17:00:00,,08kbrualugitldohg5euapm4co
Game,Hillcrest Park NE diamond,05/10/2025 17:30:00,VCB 15U AAA,Kamloops,05/10/2025 19:30:00,,rj6q36sd71lstgcif6gdvdira0
Game,Hillcrest Park NE diamond,05/11/2025 10:00:00,VCB 15U AAA,COMBA,05/11/2025 12:00:00,,2ud30te9go3vpv3pe7rmv105l4
Game,Hillcrest Park NE diamond,05/11/2025 12:30:00,VCB 15U AAA,COMBA,05/11/2025 14:30:00,,np4ncursj33g1217kb894q7kjg
Game,Hillcrest Park NE diamond,05/11/2025 15:00:00,VCB Expos 15U AA Blue,North Shore,05/11/2025 17:00:00,,nbhm5u8f3m63h2813cd4btuh1s
Game,Hillcrest Park NE diamond,05/11/2025 17:30:00,VCB Expos 15U AA Blue,North Shore,05/11/2025 19:30:00,,00q8u456ubhdo5nfqvud99lqjk
Practice,Hillcrest Park NE diamond,05/13/2025 18:15:00,VCB 15U AAA,,05/13/2025 20:15:00,Practice,kbotat7r255ml5fg9jj9vdg58k
Game,Hillcrest Park NE diamond,05/14/2025 18:00:00,VCB 15U Expos,VCB 16U Red Sox-Girls,05/14/2025 20:00:00,,m7s5ulgctevpfvc5aqr1kkes0s
Practice,Hillcrest Park NE diamond,05/15/2025 16:15:00,VCB 15U AAA,,05/15/2025 18:15:00,Practice,g1ef4mhnisj0vpe3tnchv3e3dk
Game,Hillcrest Park NE diamond,05/16/2025 18:00:00,VCB 15U Dodgers,VCB 15U Yankees,05/16/2025 20:00:00,,a7kr62583vcmoaeifluj91vq5c
Game,Hillcrest Park NE diamond,05/19/2025 13:00:00,VCB 15U AAA,Ridge Meadows,05/19/2025 15:00:00,,kfnkpaaoaf3tojfgma95lrlnjs
Game,Hillcrest Park NE diamond,05/19/2025 15:30:00,VCB 15U AAA,Ridge Meadows,05/19/2025 17:30:00,,en8ohfa9frgh3ncabpk59gj8n8
Practice,Hillcrest Park NE diamond,05/20/2025 18:15:00,VCB 15U AAA,,05/20/2025 20:15:00,Practice,rofl032dqop8b4ibe0q8u9muak
Game,Hillcrest Park NE diamond,05/21/2025 18:00:00,VCB 16U White Sox,VCB 15U Blue Jays,05/21/2025 20:00:00,,6bv0a1paf0hk5bc5ggtof5mmh0
Practice,Hillcrest Park NE diamond,05/22/2025 16:15:00,VCB 15U AAA,,05/22/2025 18:15:00,Practice,nsgbdt8s83drqr70q09aqsihh8
Game,Hillcrest Park NE diamond,05/23/2025 18:00:00,VCB 15U Blue Jays,VCB 16U Red Sox-Girls,05/23/2025 20:00:00,,dmnp2cca22po33pbjim4er13c4
Game,Hillcrest Park NE diamond,05/24/2025 12:00:00,VCB Expos 15U AA Blue,North Island,05/24/2025 14:00:00,,thq14mtafib86oeuoh7d4aem78
Game,Hillcrest Park NE diamond,05/24/2025 14:30:00,VCB Expos 15U AA Blue,North Island,05/24/2025 16:30:00,,hlia6qak3kn5rcnassjp5sjhjo
Game,Hillcrest Park NE diamond,05/25/2025 10:00:00,VCB 15U AA Red,North Island,05/25/2025 12:00:00,,3faub427a95km960l3mvo8avgs
Game,Hillcrest Park NE diamond,05/25/2025 12:30:00,VCB 15U AA Red,North Island,05/25/2025 14:30:00,,ss2gglluerktvte8a6qoq2pkeo
Game,Hillcrest Park NE diamond,05/25/2025 15:00:00,VCB 15U Dodgers,VCB 15U Red Sox,05/25/2025 17:00:00,,v814afjaf9tmnti3pdk2ro5ut4
Practice,Hillcrest Park NE diamond,05/27/2025 18:15:00,VCB 15U AAA,,05/27/2025 20:15:00,Practice,44q0kii397qmqlit718gatpclo
Game,Hillcrest Park NE diamond,05/28/2025 18:00:00,VCB 16U Red Sox-Girls,VCB 15U Blue Jays,05/28/2025 20:00:00,,h9c3vpeddqtl0fv5ea6hdbcep4
Practice,Hillcrest Park NE diamond,05/29/2025 16:15:00,VCB 15U AAA,,05/29/2025 18:15:00,Practice,bo0fd9uqnum3fuecqi33uvdln4
Game,Hillcrest Park NE diamond,05/30/2025 18:00:00,VCB 15U Yankees,VCB 15U Mariners,05/30/2025 20:00:00,,56qn9dor9eb6pn2joc4lo5h1ck
Game,Hillcrest Park NE diamond,05/31/2025 10:00:00,VCB 15U AAA,Cloverdale,05/31/2025 12:00:00,,l9aqojfidvj0qtup7f2taqi62k
Game,Hillcrest Park NE diamond,05/31/2025 12:30:00,VCB 15U AAA,Cloverdale,05/31/2025 14:30:00,,vp3bspbhkcnbuchjgbd4laa4po
Game,Hillcrest Park NE diamond,06/01/2025 10:00:00,VCB Expos 15U AA Blue,Richmond,06/01/2025 12:00:00,,0e1ftk736snhf8slk90i9plt3c
Game,Hillcrest Park NE diamond,06/01/2025 12:30:00,VCB Expos 15U AA Blue,Richmond,06/01/2025 14:30:00,,3heruce5d5reha0emse3de5iok
Game,Hillcrest Park NE diamond,06/01/2025 18:00:00,VCB 15U A's,VCB 15U Dodgers,06/01/2025 20:00:00,,38ai2mlfk1sm0f1pjce635us80
Practice,Hillcrest Park NE diamond,06/03/2025 18:15:00,VCB 15U AAA,,06/03/2025 20:15:00,Practice,v2g30tfbbbb4hg86u74fr2m8fs
Game,Hillcrest Park NE diamond,06/04/2025 18:00:00,VCB 15U Blue Jays,VCB 15U Dodgers,06/04/2025 20:00:00,,cc23us1f564iotc01g9p44coo8
Practice,Hillcrest Park NE diamond,06/05/2025 16:15:00,VCB 15U AAA,,06/05/2025 18:15:00,Practice,79ul6j4a59lken120po5mtqdmc
Game,Hillcrest Park NE diamond,06/06/2025 18:00:00,VCB 16U White Sox,VCB 15U A's,06/06/2025 20:00:00,,7m3fvov1edhudtedic73k9pt6c
Game,Hillcrest Park NE diamond,06/07/2025 12:00:00,VCB 15U Rockies,VCB 15U Mariners,06/07/2025 14:00:00,,s6tuvktt93c9n7t5u7n2a5u3ds
Game,Hillcrest Park NE diamond,06/07/2025 13:00:00,VCB 15U AAA,SOMBA,06/07/2025 15:00:00,,oqlsm8emdl2ur3moqm9coklif8
Game,Hillcrest Park NE diamond,06/07/2025 15:30:00,VCB 15U AAA,SOMBA,06/07/2025 17:30:00,,a5rkqfqc2ij3tbcse0558in4gs
Game,Hillcrest Park NE diamond,06/08/2025 10:00:00,VCB 15U AA Red,North Shore,06/08/2025 12:00:00,,helck4vtes50nvi1nhcdflgtj4
Game,Hillcrest Park NE diamond,06/08/2025 12:30:00,VCB 15U AA Red,North Shore,06/08/2025 14:30:00,,fnpj6gvmcpfu8nmcl4js68n6tk
Game,Hillcrest Park NE diamond,06/08/2025 16:00:00,Ridge Meadows,VCB 15U AAA,06/08/2025 18:00:00,,o9knakjqeqir4ams3tiuq7t3jg
Game,Hillcrest Park NE diamond,06/08/2025 18:30:00,Ridge Meadows,VCB 15U AAA,06/08/2025 20:30:00,,p28o54palh8v2k87nmmkfiuubg
Practice,Hillcrest Park NE diamond,06/10/2025 18:15:00,VCB 15U AAA,,06/10/2025 20:15:00,Practice,3p07nnoausi3v7gvit2f4ujdmg
Game,Hillcrest Park NE diamond,06/11/2025 18:00:00,VCB 15U Dodgers,VCB 15U Rockies,06/11/2025 20:00:00,,lvu0ns32lte97i3qjo6t9u9md0
Practice,Hillcrest Park NE diamond,06/12/2025 16:15:00,VCB 15U AAA,,06/12/2025 18:15:00,Practice,kuu69k5phdngcnoi55hdfrf1o8
Game,Hillcrest Park NE diamond,06/14/2025 15:00:00,VCB Expos 15U AA Blue,Comox Valley,06/14/2025 17:00:00,,m03dh9lnpaasg82di8cpsus77g
Game,Hillcrest Park NE diamond,06/14/2025 17:30:00,VCB Expos 15U AA Blue,Comox Valley,06/14/2025 19:30:00,,06i2b8ivo7pi4hrol7sh276134
Game,Hillcrest Park NE diamond,06/15/2025 10:00:00,VCB 15U AA Red,Cowichan Valley,06/15/2025 12:00:00,,6ikgvnfgpe3nv69edcmb93hg18
Game,Hillcrest Park NE diamond,06/15/2025 12:30:00,VCB 15U AA Red,Cowichan Valley,06/15/2025 14:30:00,,6ifjfe1vrubtechob6c2en2hcs
Practice,Hillcrest Park NE diamond,06/17/2025 18:15:00,VCB 15U AAA,,06/17/2025 20:15:00,Practice,4t899mh9ps7tcgig1evqes6s9k
Game,Hillcrest Park NE diamond,06/19/2025 18:00:00,VCB 15U AAA,North Shore,06/19/2025 20:00:00,,3gkt65vt981qgc7k5fej1u5c1o
Game,Hillcrest Park NE diamond,06/22/2025 15:00:00,VCB 15U AAA,Township,06/22/2025 17:00:00,,7uhdq93lppn560f1rqr2471bds
Game,Hillcrest Park NE diamond,06/22/2025 17:30:00,VCB 15U AAA,Township,06/22/2025 19:30:00,,up0vkfgeehl273t72c5pe4hk48
Practice,Hillcrest Park NE diamond,06/24/2025 18:15:00,VCB 15U AAA,,06/24/2025 20:15:00,Practice,sbrs8bsdc6a7v54ladv9t8lnoc
Game,Hillcrest Park NE diamond,06/25/2025 18:00:00,VCB 15U AA Red,VCB Expos 15U AA Blue,06/25/2025 20:00:00,,3kjglb06n9oe64odldok02qqng
Practice,Hillcrest Park NE diamond,06/26/2025 16:15:00,VCB 15U AAA,,06/26/2025 18:15:00,Practice,g0o95s4r2ge8kn614bcpa57qa0
Practice,Hillcrest Park NE diamond,07/01/2025 18:15:00,VCB 15U AAA,,07/01/2025 20:15:00,Practice,a917guugr7uk7a6k5sjnvj68v8
Game,Hillcrest Park NE diamond,07/03/2025 18:00:00,VCB 15U AAA,North Shore,07/03/2025 20:00:00,,dsul0elacnlkpjnj56hjaco9vo
Game,Hillcrest Park NE diamond,07/05/2025 10:00:00,VCB 15U AA Red,South Burnaby,07/05/2025 12:00:00,,pdeolhoh9tbufmaunn5jkeg0e8
Game,Hillcrest Park NE diamond,07/05/2025 12:30:00,VCB 15U AA Red,South Burnaby,07/05/2025 14:30:00,,kep95fm7c6og9ejkrn4b6olvok
Practice,Hillcrest Park NE diamond,07/08/2025 18:15:00,VCB 15U AAA,,07/08/2025 20:15:00,Practice,e6csm3ciojq6huaeuj8sla617o
Game,Hillcrest Park NE diamond,07/09/2025 18:00:00,VCB 15U AA Red,VCB Expos 15U AA Blue,07/09/2025 20:00:00,,4ikp4pvgvhhuisvt5oc9953r5g
Game,Hillcrest Park NE diamond,07/10/2025 18:00:00,VCB 15U AAA,Tri-Cities,07/10/2025 20:00:00,,f109faqq44dspjqr340dsqjoks
Game,Hillcrest Park NE diamond,07/12/2025 10:00:00,VCB Expos 15U AA Blue,Victoria-Carnarvon,07/12/2025 12:00:00,,1qtd7aceknd4906qc6fu2h9pds
Game,Hillcrest Park NE diamond,07/12/2025 12:30:00,VCB Expos 15U AA Blue,Victoria-Carnarvon,07/12/2025 14:30:00,,gfcdnd0v2e68c6khaj10hihgpo
Game,Hillcrest Park NE diamond,07/12/2025 15:00:00,VCB 15U AA Red,Nanaimo,07/12/2025 17:00:00,,imth2kbgd8iagg7tp58f7bm8pk
Game,Hillcrest Park NE diamond,07/12/2025 17:30:00,VCB 15U AA Red,Nanaimo,07/12/2025 19:30:00,,8jdf4ognnrsi47u2paup0b70b4
Game,Hillcrest Park NE diamond,07/13/2025 10:00:00,VCB Expos 15U AA Blue,Victoria-Triangle,07/13/2025 12:00:00,,o6fkfmh4hiq9r292fl1c2afr9g
Game,Hillcrest Park NE diamond,07/13/2025 12:30:00,VCB Expos 15U AA Blue,Victoria-Triangle,07/13/2025 14:30:00,,pt4oge20qvfre6bc4j37abbl5k
Game,Hillcrest Park NE diamond,07/13/2025 15:00:00,VCB 15U AAA,Chilliwack,07/13/2025 17:00:00,,64vpb71cs9m0ns6ia63fj50d0o
Game,Hillcrest Park NE diamond,07/13/2025 17:30:00,VCB 15U AAA,Chilliwack,07/13/2025 19:30:00,,14jvnq1tgcgev0cv4smjmgusbc
Practice,Hillcrest Park NE diamond,07/15/2025 18:15:00,VCB 15U AAA,,07/15/2025 20:15:00,Practice,o3j776sinmnrd1hj5bctk88rfo
Game,Hillcrest Park NE diamond,07/17/2025 18:00:00,VCB 15U AAA,Tri-Cities,07/17/2025 20:00:00,,ga6hm8mr3368i4vip245vo97fs
Practice,Hillcrest Park NE diamond,07/22/2025 18:15:00,VCB 15U AAA,,07/22/2025 20:15:00,Practice,tj0j41t2v9cekqmi06u1ms9vm8
Practice,Hillcrest Park SW diamond,04/05/2025 10:00:00,VCB 18U Diamondbacks,,04/05/2025 12:00:00,Hillcrest Fence Installation,3qhl5agu00lonoo3h6a2p78968
Practice,Hillcrest Park SW diamond,04/05/2025 10:00:00,VCB 18U AAA Blue,,04/05/2025 11:00:27,Fence Build Hillcrest,2bki1009nkikarg7b0hn225cjk
Practice,Hillcrest Park SW diamond,04/05/2025 17:00:00,VCB 18U Reds,,04/05/2025 19:00:00,VCB 18U AA Reds fielding practice,16u2oh6qm3593g8rgb3utenp98
Practice,Hillcrest Park SW diamond,04/05/2025 17:00:00,VCB 18U Rangers,,04/05/2025 18:45:00,VCB 18U AA Rangers practice,leok940lpgku1k7s7i020rev70
Practice,Hillcrest Park SW diamond,04/05/2025 17:00:00,VCB 18U Giants,,04/05/2025 20:00:00,VCB 18U AA Giants fielding practice,feclv7jrub78ualcm20ipu11ps
Practice,Hillcrest Park SW diamond,04/05/2025 17:30:00,VCB 18U Dodgers,,04/05/2025 19:30:00,Practice Game,2mkjmitnur3uboas5gdb4ods64
Game,Hillcrest Park SW diamond,04/06/2025 11:30:00,VCB 18U Rangers,VCB 18U Giants,04/06/2025 13:30:00,,eb3dl2msdfhle4e03771l44kno
Game,Hillcrest Park SW diamond,04/06/2025 14:30:00,VCB 18U Marlins,VCB 18U Yankees,04/06/2025 16:30:00,,6m5j9hde44t2b03qevcntovd28
Game,Hillcrest Park SW diamond,04/06/2025 17:30:00,VCB 18U Pirates,VCB 18U Dodgers,04/06/2025 19:30:00,,7m1lkg9hjbcj3baoaqmm60g1r4
Practice,Hillcrest Park SW diamond,04/07/2025 16:00:00,VCB 18U Giants,,04/07/2025 19:00:00,VCB 18U AA Giants fielding practice,p0t7lrm3677vvt7t6296r4pr38
Practice,Hillcrest Park SW diamond,04/07/2025 17:00:00,VCB 18U Rangers,,04/07/2025 18:45:00,VCB 18U AA Rangers practice,mipmt94cjsu00qmu63ntvnboh8
Practice,Hillcrest Park SW diamond,04/07/2025 18:30:00,VCB 18U Reds,,04/07/2025 21:00:00,VCB 18U AA Reds fielding practice,1q336851he8r70shd18mpedv00
Practice,Hillcrest Park SW diamond,04/07/2025 18:30:00,VCB 18U A's,,04/07/2025 21:00:00,VCB 18U AA A's fielding practice,7s4rlct84abn38jh6aks63438c
Practice,Hillcrest Park SW diamond,04/08/2025 18:15:00,VCB 18U AAA Blue,,04/08/2025 20:00:00,Practice,e2di69d1v2thhoh1k07vdq175g
Practice,Hillcrest Park SW diamond,04/09/2025 17:30:00,VCB 18U Dodgers,,04/09/2025 19:00:00,VCB 18U AA Dodgers fielding practice,1qf1bqqkv5sl3f0l5kggjh440c
Practice,Hillcrest Park SW diamond,04/09/2025 18:30:00,VCB 18U Pirates,,04/09/2025 21:00:00,VCB 18U AA Pirates fielding practice,bhp8cgnsg8asflrugqteb59mak
Practice,Hillcrest Park SW diamond,04/09/2025 18:30:00,VCB 18U Marlins,,04/09/2025 21:00:00,VCB 18U AA Marlins fielding practice,b71jcrb36cak95ha70nedqh03k
Practice,Hillcrest Park SW diamond,04/10/2025 16:30:00,VCB 18U AAA Blue,,04/10/2025 18:15:00,Practice,tjdlkt4urst1m3vortvvout3co
Practice,Hillcrest Park SW diamond,04/10/2025 18:15:00,VCB 18U AAA White,,04/10/2025 19:45:00,Practice,dtj3jl3qd97c074q8g1j52umf4
Practice,Hillcrest Park SW diamond,04/11/2025 17:30:00,VCB 18U Yankees,,04/11/2025 19:30:00,Team Practice,iof69lti9hffo30o1vh2ga574c
Practice,Hillcrest Park SW diamond,04/11/2025 17:30:00,VCB 18U Diamondbacks,,04/11/2025 19:30:00,VCB 18U AA Diamondbacks fielding practice,e95dmmfecplnqpnmqrdag43n84
Practice,Hillcrest Park SW diamond,04/11/2025 18:30:00,VCB 18U Mariners,,04/11/2025 21:00:00,VCB 18U AA Mariners fielding practice,1qoekuccjo7mnd1r1ob5o774qo
Game,Hillcrest Park SW diamond,04/12/2025 12:00:00,VCB 18U AAA Blue,Cloverdale,04/12/2025 14:00:00,,o88gqrbroff6ddkjb64r5qkoc4
Game,Hillcrest Park SW diamond,04/12/2025 14:30:00,VCB 18U AAA Blue,Cloverdale,04/12/2025 16:30:00,,b6kd6r0hurjdbcpt1nt3la2eqg
Game,Hillcrest Park SW diamond,04/12/2025 17:30:00,VCB 18U Marlins,VCB 18U Diamondbacks,04/12/2025 19:30:00,,svj9iq0e4rk4rov837i4tc28p0
Practice,Hillcrest Park SW diamond,04/13/2025 08:00:00,VCB,,04/13/2025 10:30:00,Darryl Tham,lcj1rupmbj2t0sao3qu3ht1b3k
Game,Hillcrest Park SW diamond,04/13/2025 12:30:00,VCB 18U AAA Blue,Chilliwack,04/13/2025 14:30:00,,n5c5s767egrcephtufv95q31ss
Game,Hillcrest Park SW diamond,04/13/2025 15:00:00,VCB 18U AAA Blue,Chilliwack,04/13/2025 17:00:00,,8jqtm5ntr7sr3qed1p11fiet6k
Game,Hillcrest Park SW diamond,04/13/2025 17:30:00,VCB 18U Giants,VCB 18U A's,04/13/2025 19:30:00,,9jcbn2esukmllrkhgp17q5ahic
Game,Hillcrest Park SW diamond,04/14/2025 17:30:00,VCB 18U Yankees,VCB 18U Pirates,04/14/2025 19:30:00,,6nfbqv8k3kkfma8k7f9lr5h048
Practice,Hillcrest Park SW diamond,04/15/2025 16:15:00,VCB 18U AAA White,,04/15/2025 18:00:00,Practice,m8iqijec7jee5qhete7d0b2c1s
Practice,Hillcrest Park SW diamond,04/15/2025 18:15:00,VCB 18U AAA Blue,,04/15/2025 20:00:00,Practice,kjc2jctqvpcqp5jvq7tgv0vgjg
Game,Hillcrest Park SW diamond,04/16/2025 17:30:00,VCB 18U Reds,VCB 18U Dodgers,04/16/2025 19:30:00,,d5a8db66cpb8kpai2acj58id9o
Practice,Hillcrest Park SW diamond,04/17/2025 16:30:00,VCB 18U AAA Blue,,04/17/2025 18:15:00,Practice,di11fs4do0ntdcvp7nku56evo8
Practice,Hillcrest Park SW diamond,04/17/2025 18:15:00,VCB 18U AAA White,,04/17/2025 20:00:00,Practice,81fsjbb40j6ativ0h1l2hml684
Game,Hillcrest Park SW diamond,04/18/2025 17:30:00,VCB 18U Giants,VCB 18U Pirates,04/18/2025 19:30:00,,190bnql75em5lfn9u1pddg4snk
Game,Hillcrest Park SW diamond,04/19/2025 11:30:00,VCB 18U Dodgers,VCB 18U Marlins,04/19/2025 13:30:00,,gi1m10lrud26gaodliko01kr1o
Game,Hillcrest Park SW diamond,04/19/2025 14:30:00,VCB 18U Pirates,VCB 18U Rangers,04/19/2025 16:30:00,,nj01sqn2nceeev7fg2n8ssjr48
Game,Hillcrest Park SW diamond,04/19/2025 17:30:00,VCB 18U Giants,VCB 18U Diamondbacks,04/19/2025 19:30:00,,u1pt1s0f6se8ie5vvci97p9hio
Game,Hillcrest Park SW diamond,04/20/2025 11:30:00,VCB 18U Mariners,VCB 18U Yankees,04/20/2025 13:30:00,,7cbqp931orqi72iflcs9pbc2es
Game,Hillcrest Park SW diamond,04/20/2025 14:30:00,VCB 18U Marlins,VCB 18U A's,04/20/2025 16:30:00,,7lo9tsjpu0q4t0i69p5q95mmqs
Game,Hillcrest Park SW diamond,04/20/2025 17:30:00,VCB 18U Diamondbacks,VCB 18U Reds,04/20/2025 19:30:00,,l0c53f80fn3bst1e3o4qj5s6lg
Game,Hillcrest Park SW diamond,04/21/2025 17:30:00,VCB 18U Dodgers,VCB 18U Giants,04/21/2025 19:30:00,,2ak6meh9kfem36bhquf1qqvs38
Practice,Hillcrest Park SW diamond,04/22/2025 16:15:00,VCB 18U AAA White,,04/22/2025 18:00:00,Practice,k0hsikdratpae32p57i89v2afk
Practice,Hillcrest Park SW diamond,04/22/2025 18:15:00,VCB 18U AAA Blue,,04/22/2025 20:00:00,Practice,obrru7ovhdfnf7hqrrt3ocnth4
Game,Hillcrest Park SW diamond,04/23/2025 17:30:00,VCB 18U Marlins,VCB 18U Diamondbacks,04/23/2025 19:30:00,,sdhrai5d8lom1u35jk4r23uii4
Practice,Hillcrest Park SW diamond,04/24/2025 16:30:00,VCB 18U AAA Blue,,04/24/2025 18:15:00,Practice,kevtj0n5u7vsenvs7hqs8n0j3g
Practice,Hillcrest Park SW diamond,04/24/2025 18:15:00,VCB 18U AAA White,,04/24/2025 20:00:00,Practice,5et039130f0i0idbk2furhvtl4
Game,Hillcrest Park SW diamond,04/25/2025 17:30:00,VCB 18U Pirates,VCB 18U A's,04/25/2025 19:30:00,,vdku158t872cit903niec3dk08
Game,Hillcrest Park SW diamond,04/26/2025 11:30:00,VCB 18U Dodgers,VCB 18U Yankees,04/26/2025 13:30:00,,eib6elekdolanp5lvmv5ubi5lk
Game,Hillcrest Park SW diamond,04/26/2025 14:30:00,VCB 18U Rangers,VCB 18U Mariners,04/26/2025 16:30:00,,6ei7j468ui1kjsb4h716inamgo
Game,Hillcrest Park SW diamond,04/27/2025 14:30:00,VCB 18U A's,VCB 18U Reds,04/27/2025 16:30:00,,qi653bk7mr0p6t2ms8h9ne2a4k
Game,Hillcrest Park SW diamond,04/27/2025 17:30:00,VCB 18U Dodgers,VCB 18U Marlins,04/27/2025 19:30:00,,qersm12lp98ig1205e4r66tkdo
Game,Hillcrest Park SW diamond,04/28/2025 17:30:00,VCB 18U Diamondbacks,VCB 18U Giants,04/28/2025 19:30:00,,in2kg8p7littovjo903c0f10hs
Practice,Hillcrest Park SW diamond,04/29/2025 16:15:00,VCB 18U AAA White,,04/29/2025 18:00:00,Practice,mv9g2r4785fhrljtrit3aae58c
Practice,Hillcrest Park SW diamond,04/29/2025 18:15:00,VCB 18U AAA Blue,,04/29/2025 20:00:00,Practice,15lb1uhk60gspbrvur736uqdho
Game,Hillcrest Park SW diamond,04/30/2025 18:00:00,VCB 18U Reds,VCB 18U Marlins,04/30/2025 20:00:00,,2tq4sh9f35hrs81e8tuofpi9rk
Practice,Hillcrest Park SW diamond,05/01/2025 16:45:00,VCB 18U AAA Blue,,05/01/2025 18:45:00,Practice,fjbk2prpngttd9d0ikg7p9r53c
Practice,Hillcrest Park SW diamond,05/01/2025 18:15:00,VCB 18U AAA White,,05/01/2025 20:00:00,Practice,bml708mucvk9ebmknbjd7qp1vo
Game,Hillcrest Park SW diamond,05/02/2025 18:00:00,VCB 18U A's,VCB 18U Diamondbacks,05/02/2025 20:00:00,,rqdotgkf74gqk4gddgs3scbpd0
Game,Hillcrest Park SW diamond,05/03/2025 10:00:00,VCB 18U AAA Blue,VCB 18U AAA White,05/03/2025 12:00:00,,3lg3pnkpg1diav17q4forvdq88
Game,Hillcrest Park SW diamond,05/03/2025 12:30:00,VCB 18U AAA Blue,VCB 18U AAA White,05/03/2025 14:30:00,,oj91tpqt8n6aomfcm7pvmo5vg4
Game,Hillcrest Park SW diamond,05/03/2025 15:00:00,VCB 18U Marlins,VCB 18U Mariners,05/03/2025 17:00:00,,o8uhir4ps7b9qs7nc89v35s3uo
Game,Hillcrest Park SW diamond,05/03/2025 18:00:00,VCB 18U Pirates,VCB 18U Giants,05/03/2025 20:00:00,,78r78lildc89rvme0bqvj61u2k
Game,Hillcrest Park SW diamond,05/04/2025 12:00:00,VCB 18U Yankees,VCB 18U Mariners,05/04/2025 14:00:00,,b69cbfutrb5d82gnmc9pim6294
Game,Hillcrest Park SW diamond,05/04/2025 15:00:00,VCB 18U Giants,VCB 18U Reds,05/04/2025 17:00:00,,fp5dn4s7iq4aofj4j5ravcdltc
Game,Hillcrest Park SW diamond,05/04/2025 18:00:00,VCB 18U Dodgers,VCB 18U A's,05/04/2025 20:00:00,,u6f5guuhi014go95em1kajip9c
Game,Hillcrest Park SW diamond,05/05/2025 18:00:00,VCB 18U Yankees,VCB 18U Marlins,05/05/2025 20:00:00,,vbo2vrntluet7oj89tg7fcv71s
Practice,Hillcrest Park SW diamond,05/06/2025 16:15:00,VCB 18U AAA White,,05/06/2025 18:00:00,Practice,vu04jhpil9l9qqnn1cnli36j1g
Practice,Hillcrest Park SW diamond,05/06/2025 18:45:00,VCB 18U AAA Blue,,05/06/2025 20:45:00,Practice,fuh9gjhu6lkm7qr98unacdv56c
Game,Hillcrest Park SW diamond,05/07/2025 18:00:00,VCB 18U A's,VCB 18U Marlins,05/07/2025 20:00:00,,vp38s1u6j42jbco8jsca96ehig
Practice,Hillcrest Park SW diamond,05/08/2025 16:45:00,VCB 18U AAA Blue,,05/08/2025 18:45:00,Practice,uvkjdq25obqpbvog27bnk1hqrs
Practice,Hillcrest Park SW diamond,05/08/2025 18:15:00,VCB 18U AAA White,,05/08/2025 20:00:00,Practice,e70u9cucf6qt4r4skcrc9a5q2k
Game,Hillcrest Park SW diamond,05/09/2025 18:00:00,VCB 18U Rangers,VCB 18U Pirates,05/09/2025 20:00:00,,ootdus5lel5q12ou10nlbl4c44
Game,Hillcrest Park SW diamond,05/10/2025 13:00:00,VCB 18U AAA Blue,Kamloops,05/10/2025 15:00:00,,rblfp3tsok5ma1rjsmnanb24g0
Game,Hillcrest Park SW diamond,05/10/2025 15:30:00,VCB 18U AAA Blue,Kamloops,05/10/2025 17:30:00,,6q415kkvugfhpjjks8lgos7udc
Game,Hillcrest Park SW diamond,05/10/2025 18:00:00,VCB 18U Reds,VCB 18U Giants,05/10/2025 20:00:00,,b1rrkl7u5ae69a8e558acfcp8k
Game,Hillcrest Park SW diamond,05/11/2025 10:00:00,VCB 18U AAA Blue,Prince George,05/11/2025 12:00:00,,pftsgqs4a394fvcp9muld0oruc
Game,Hillcrest Park SW diamond,05/11/2025 12:30:00,VCB 18U AAA Blue,Prince George,05/11/2025 14:30:00,,pjgr0fairl3p5h3qhd40svjge8
Game,Hillcrest Park SW diamond,05/11/2025 15:00:00,VCB 18U Giants,VCB 18U Rangers,05/11/2025 17:00:00,,nge3lbh19coutln2g33u6ni1g4
Game,Hillcrest Park SW diamond,05/11/2025 18:00:00,VCB 18U Mariners,VCB 18U Marlins,05/11/2025 20:00:00,,1q2o3um32eu6psgu664glp7jvc
Game,Hillcrest Park SW diamond,05/12/2025 18:00:00,VCB 18U Reds,VCB 18U Diamondbacks,05/12/2025 20:00:00,,7qrabecu5l5dects41p6gc4b18
Practice,Hillcrest Park SW diamond,05/13/2025 16:15:00,VCB 18U AAA White,,05/13/2025 18:00:00,Practice,8fs133b0ekjfqab4isf22p7hkg
Practice,Hillcrest Park SW diamond,05/13/2025 18:45:00,VCB 18U AAA Blue,,05/13/2025 20:45:00,Practice,4abmuiu5mc2lciaqm831sjcs08
Game,Hillcrest Park SW diamond,05/14/2025 18:00:00,VCB 18U Pirates,VCB 18U Diamondbacks,05/14/2025 20:00:00,,5gcm2tkoe5fjbhbsnb5quopj7o
Practice,Hillcrest Park SW diamond,05/15/2025 16:45:00,VCB 18U AAA Blue,,05/15/2025 18:45:00,Practice,vqsif88mamost7s90igpodvof8
Practice,Hillcrest Park SW diamond,05/15/2025 18:15:00,VCB 18U AAA White,,05/15/2025 20:00:00,Practice,08ee53hu4l764jc9iip322tu5s
Game,Hillcrest Park SW diamond,05/16/2025 18:00:00,VCB 18U Dodgers,VCB 18U Pirates,05/16/2025 20:00:00,,k75e3n6o3nu3npuoka1p0srrao
Game,Hillcrest Park SW diamond,05/19/2025 18:00:00,VCB 18U Diamondbacks,VCB 18U Pirates,05/19/2025 20:00:00,,vundhstnmu9b7ps99s0l2iq848
Practice,Hillcrest Park SW diamond,05/20/2025 16:15:00,VCB 18U AAA White,,05/20/2025 18:00:00,Practice,at5a9blnesi6d4v984htugl648
Practice,Hillcrest Park SW diamond,05/20/2025 18:45:00,VCB 18U AAA Blue,,05/20/2025 20:45:00,Practice,4tsuol1f9o03c659fvcnaig1rk
Game,Hillcrest Park SW diamond,05/21/2025 18:00:00,VCB 18U Dodgers,VCB 18U Mariners,05/21/2025 20:00:00,,q1ejr6suasnqhur199cnu04b0g
Practice,Hillcrest Park SW diamond,05/22/2025 16:45:00,VCB 18U AAA Blue,,05/22/2025 18:45:00,Practice,a0o6labuvskn2o4gsljbqfpa5k
Practice,Hillcrest Park SW diamond,05/22/2025 18:15:00,VCB 18U AAA White,,05/22/2025 20:00:00,Practice,8o1j8s16l9okq5gk8b27odg4f8
Game,Hillcrest Park SW diamond,05/23/2025 18:00:00,VCB 18U Giants,VCB 18U Yankees,05/23/2025 20:00:00,,gsgg51vnk8vvkti9an11j01bmg
Game,Hillcrest Park SW diamond,05/24/2025 12:00:00,VCB 18U Mariners,VCB 18U A's,05/24/2025 14:00:00,,7vf1a3h5p58ca8h9o261pmq80s
Game,Hillcrest Park SW diamond,05/24/2025 15:00:00,VCB 18U Reds,VCB 18U Rangers,05/24/2025 17:00:00,,9lcvceq1srff578n0kitiueknc
Game,Hillcrest Park SW diamond,05/24/2025 18:00:00,VCB 18U Marlins,VCB 18U Pirates,05/24/2025 20:00:00,,hs8cbu6hrf2dcp6u70pbrqihbs
Game,Hillcrest Park SW diamond,05/25/2025 12:00:00,VCB 18U Yankees,VCB 18U Dodgers,05/25/2025 14:00:00,,5jql2verm62com2kdjcumi9qjk
Game,Hillcrest Park SW diamond,05/25/2025 15:00:00,VCB 18U Giants,VCB 18U Mariners,05/25/2025 17:00:00,,kfc0co9s8pfh41pdq8kamoki20
Game,Hillcrest Park SW diamond,05/25/2025 18:00:00,VCB 18U Pirates,VCB 18U Reds,05/25/2025 20:00:00,,khi3dks62uvg1gkssdh0grdq80
Game,Hillcrest Park SW diamond,05/26/2025 18:00:00,VCB 18U Diamondbacks,VCB 18U Yankees,05/26/2025 20:00:00,,vr3r35hsvr1j14g0davv7mg3es
Practice,Hillcrest Park SW diamond,05/27/2025 16:15:00,VCB 18U AAA White,,05/27/2025 18:00:00,Practice,4jpn4d7daogjsdamhfqlp1tc4c
Practice,Hillcrest Park SW diamond,05/27/2025 18:45:00,VCB 18U AAA Blue,,05/27/2025 20:45:00,Practice,4u1747mhr0dhq6upi3ggicdk0g
Game,Hillcrest Park SW diamond,05/28/2025 18:00:00,VCB 18U A's,VCB 18U Dodgers,05/28/2025 20:00:00,,0hj0767h3jjmk1nicd68ih1s88
Practice,Hillcrest Park SW diamond,05/29/2025 16:45:00,VCB 18U AAA Blue,,05/29/2025 18:45:00,Practice,q9v9t3lkbo38gb3gnjes7miqr8
Practice,Hillcrest Park SW diamond,05/29/2025 18:15:00,VCB 18U AAA White,,05/29/2025 20:00:00,Practice,5l6mfue7931mh5qq1nini3ed8o
Game,Hillcrest Park SW diamond,05/30/2025 18:00:00,VCB 18U Rangers,VCB 18U Yankees,05/30/2025 20:00:00,,r9pqjmaqnp6ep4bnmivlhmfs3s
Game,Hillcrest Park SW diamond,05/31/2025 12:00:00,VCB 18U Reds,VCB 18U Pirates,05/31/2025 14:00:00,,6fd6slrqrardo9fecplf5epvhc
Game,Hillcrest Park SW diamond,05/31/2025 15:00:00,VCB 18U Mariners,VCB 18U Diamondbacks,05/31/2025 17:00:00,,27k4t5221vb9bei9jsetfoiqm4
Game,Hillcrest Park SW diamond,05/31/2025 18:00:00,VCB 18U Yankees,VCB 18U A's,05/31/2025 20:00:00,,4ev28gbfrn0o4krenqts783kgo
Game,Hillcrest Park SW diamond,06/01/2025 10:00:00,VCB 18U AAA White,COMBA,06/01/2025 12:00:00,,vdj0jhgluu7e5junoqdrfk2198
Game,Hillcrest Park SW diamond,06/01/2025 12:30:00,VCB 18U AAA White,COMBA,06/01/2025 14:30:00,,5986auk050vc1fh4moibadh79s
Game,Hillcrest Park SW diamond,06/01/2025 15:00:00,VCB 18U Yankees,VCB 18U Giants,06/01/2025 17:00:00,,v2dcdc95aibepebe6chn6fkh8c
Game,Hillcrest Park SW diamond,06/01/2025 18:00:00,VCB 18U Marlins,VCB 18U Reds,06/01/2025 20:00:00,,58226htil8e3fi0vrtrnm1q9ns
Game,Hillcrest Park SW diamond,06/02/2025 18:00:00,VCB 18U Diamondbacks,VCB 18U Rangers,06/02/2025 20:00:00,,dm4m70slra9ct1tq9e9gcglacc
Practice,Hillcrest Park SW diamond,06/03/2025 16:15:00,VCB 18U AAA White,,06/03/2025 18:00:00,Practice,8t4tfqu4v7d84v2ihlfgtshv44
Practice,Hillcrest Park SW diamond,06/03/2025 18:45:00,VCB 18U AAA Blue,,06/03/2025 20:45:00,Practice,3ikf05ufpvq5hooeu3nrd7iuv0
Game,Hillcrest Park SW diamond,06/04/2025 18:00:00,VCB 18U Mariners,VCB 18U Rangers,06/04/2025 20:00:00,,ea73therng8ksjeskkl7en7b6c
Practice,Hillcrest Park SW diamond,06/05/2025 16:45:00,VCB 18U AAA Blue,,06/05/2025 18:45:00,Practice,j5pr71bfgjfc6v8971petli1k8
Practice,Hillcrest Park SW diamond,06/05/2025 18:15:00,VCB 18U AAA White,,06/05/2025 20:00:00,Practice,hibsj5oh1gkbk38sbatkb54abo
Game,Hillcrest Park SW diamond,06/06/2025 18:00:00,VCB 18U Pirates,VCB 18U Marlins,06/06/2025 20:00:00,,vk6r86pm4f2p8agtf4eq92mtb0
Game,Hillcrest Park SW diamond,06/07/2025 12:30:00,VCB 18U AAA White,VCB 18U AAA Blue,06/07/2025 14:30:00,,65qtdgmcs1p2h077pjqft0t5es
Game,Hillcrest Park SW diamond,06/07/2025 15:00:00,VCB 18U AAA White,VCB 18U AAA Blue,06/07/2025 17:00:00,,o21nfune92hv5brai39l73asns
Game,Hillcrest Park SW diamond,06/07/2025 18:00:00,VCB 18U Diamondbacks,VCB 18U Pirates,06/07/2025 20:00:00,,5rgfj9pct5ug60fj3b03h8ughc
Game,Hillcrest Park SW diamond,06/08/2025 09:00:00,VCB 18U Reds,VCB 18U Mariners,06/08/2025 11:00:00,,1ms2e3b8oru9f3iulbh68e9dvg
Game,Hillcrest Park SW diamond,06/08/2025 12:30:00,VCB 18U AAA White,Chilliwack,06/08/2025 14:30:00,,ij08randev5shgjl6kk7fm14as
Game,Hillcrest Park SW diamond,06/08/2025 15:00:00,VCB 18U AAA White,Chilliwack,06/08/2025 17:00:00,,thobu5d8atigunu77sdhuh93ns
Game,Hillcrest Park SW diamond,06/08/2025 18:00:00,VCB 18U Dodgers,VCB 18U Diamondbacks,06/08/2025 20:00:00,,ml7o8k4hfurf9l6f582db0hvfk
Game,Hillcrest Park SW diamond,06/09/2025 18:00:00,VCB 18U Mariners,VCB 18U Yankees,06/09/2025 20:00:00,,svc08t0oual1bhe6vmue368k14
Practice,Hillcrest Park SW diamond,06/10/2025 16:15:00,VCB 18U AAA White,,06/10/2025 18:00:00,Practice,rj65qlmsgneabhc7a8s6p20e98
Practice,Hillcrest Park SW diamond,06/10/2025 18:45:00,VCB 18U AAA Blue,,06/10/2025 20:45:00,Practice,25lfcu91dgp7iuhr6o0kq1ljlk
Game,Hillcrest Park SW diamond,06/11/2025 18:00:00,VCB 18U Giants,VCB 18U Rangers,06/11/2025 20:00:00,,a6un2kmkshi4hkqgntam8sl9ko
Practice,Hillcrest Park SW diamond,06/12/2025 16:45:00,VCB 18U AAA Blue,,06/12/2025 18:45:00,Practice,br88petfqqs7363i9u60hs385g
Practice,Hillcrest Park SW diamond,06/12/2025 18:15:00,VCB 18U AAA White,,06/12/2025 20:00:00,Practice,mrvce07i7gbjmpvqb1gukvvk94
Game,Hillcrest Park SW diamond,06/13/2025 18:00:00,VCB 18U Rangers,VCB 18U Reds,06/13/2025 20:00:00,,i1h67iqtcnab5e08abkhdg223g
Game,Hillcrest Park SW diamond,06/14/2025 12:30:00,VCB 18U AAA Blue,Richmond,06/14/2025 14:30:00,,lclohqsm4mg7vqlb708vc5d598
Game,Hillcrest Park SW diamond,06/14/2025 15:00:00,VCB 18U AAA Blue,Richmond,06/14/2025 17:00:00,,u56jpcnpo75prqe9ke7fp84180
Game,Hillcrest Park SW diamond,06/14/2025 18:00:00,VCB 18U A's,VCB 18U Dodgers,06/14/2025 20:00:00,,qmpu9cicni9gf2ie1mvq9nl1q0
Game,Hillcrest Park SW diamond,06/15/2025 12:00:00,VCB 18U Marlins,VCB 18U Rangers,06/15/2025 14:00:00,,ckdoh4mfk3gk6832f3g39uf810
Game,Hillcrest Park SW diamond,06/15/2025 15:00:00,VCB 18U Reds,VCB 18U Diamondbacks,06/15/2025 17:00:00,,ll7a26583o5ebfuvusec1v3nds
Game,Hillcrest Park SW diamond,06/15/2025 18:00:00,VCB 18U Pirates,VCB 18U Yankees,06/15/2025 20:00:00,,flictvhuh46hebjhucvq10nbo8
Practice,Hillcrest Park SW diamond,06/17/2025 16:15:00,VCB 18U AAA White,,06/17/2025 18:00:00,Practice,peqrd504cr43msuokjas1njv60
Practice,Hillcrest Park SW diamond,06/17/2025 18:45:00,VCB 18U AAA Blue,,06/17/2025 20:45:00,Practice,lgkncpaqk017juqrkvb55892bc
Practice,Hillcrest Park SW diamond,06/19/2025 16:45:00,VCB 18U AAA Blue,,06/19/2025 18:45:00,Practice,dl1m4f51uca1gom0jht4736rjs
Practice,Hillcrest Park SW diamond,06/19/2025 18:15:00,VCB 18U AAA White,,06/19/2025 20:00:00,Practice,beke1kp88aa8hjt3pcp4uhl14s
Game,Hillcrest Park SW diamond,06/21/2025 15:00:00,VCB 18U AAA White,Kamloops,06/21/2025 17:00:00,,dq6vqcqsjmrie02qhdn7g7sblo
Game,Hillcrest Park SW diamond,06/21/2025 17:30:00,VCB 18U AAA White,Kamloops,06/21/2025 19:30:00,,onpuc39rovbntfei8jsf9lpgn0
Practice,Hillcrest Park SW diamond,06/24/2025 16:15:00,VCB 18U AAA White,,06/24/2025 18:00:00,Practice,plf9ht91nf74jdblg01tg00k7o
Practice,Hillcrest Park SW diamond,06/24/2025 18:45:00,VCB 18U AAA Blue,,06/24/2025 20:45:00,Practice,okt9dcogqk3i0ev17c95oo1hjg
Practice,Hillcrest Park SW diamond,06/26/2025 16:45:00,VCB 18U AAA Blue,,06/26/2025 18:45:00,Practice,ai3kcragnn189pf33sf41en1pg
Practice,Hillcrest Park SW diamond,06/26/2025 18:15:00,VCB 18U AAA White,,06/26/2025 20:00:00,Practice,9rv927nk9ejog15pv2gmfbmgjs
Practice,Hillcrest Park SW diamond,07/01/2025 16:15:00,VCB 18U AAA White,,07/01/2025 18:00:00,Practice,2chjrj45hn16v88kvpd42gl67k
Practice,Hillcrest Park SW diamond,07/01/2025 18:45:00,VCB 18U AAA Blue,,07/01/2025 20:45:00,Practice,f3tsilqnvn4ssblrb5dbmcmjjc
Practice,Hillcrest Park SW diamond,07/03/2025 16:45:00,VCB 18U AAA Blue,,07/03/2025 18:45:00,Practice,pqmc9uhboq6bcpls07ce47j67s
Practice,Hillcrest Park SW diamond,07/03/2025 18:15:00,VCB 18U AAA White,,07/03/2025 20:00:00,Practice,orert3l2u41cvc6fcmkro0ft0c
Game,Hillcrest Park SW diamond,07/05/2025 10:00:00,VCB 18U AAA White,Cowichan Valley,07/05/2025 12:00:00,,rb47vdq4noa63al3lkneod2e78
Game,Hillcrest Park SW diamond,07/05/2025 12:30:00,VCB 18U AAA White,Cowichan Valley,07/05/2025 14:30:00,,9jntrcocv2dd9c4rhgv6gohbj4
Game,Hillcrest Park SW diamond,07/05/2025 15:30:00,VCB 18U AAA Blue,North Island,07/05/2025 17:30:00,,9koba77jphleejqi231mr6hcic
Game,Hillcrest Park SW diamond,07/05/2025 18:00:00,VCB 18U AAA Blue,North Island,07/05/2025 20:00:00,,a00454kj7age7uab2hj7jk9jr4
Game,Hillcrest Park SW diamond,07/06/2025 10:00:00,VCB 18U AAA White,North Island,07/06/2025 12:00:00,,okicabeqlinoelbq3kfdkrieo8
Game,Hillcrest Park SW diamond,07/06/2025 12:30:00,VCB 18U AAA White,North Island,07/06/2025 14:30:00,,c6u7j1g768solq7dcba2qfrtvo
Practice,Hillcrest Park SW diamond,07/08/2025 16:15:00,VCB 18U AAA White,,07/08/2025 18:00:00,Practice,3qtanuhsevedhae4trd56j8870
Practice,Hillcrest Park SW diamond,07/08/2025 18:45:00,VCB 18U AAA Blue,,07/08/2025 20:45:00,Practice,nu3rsq6rqb7jcutqubuntauang
Practice,Hillcrest Park SW diamond,07/10/2025 16:45:00,VCB 18U AAA Blue,,07/10/2025 18:45:00,Practice,3td2al3b919gb62n5ktvbd8shs
Practice,Hillcrest Park SW diamond,07/10/2025 18:15:00,VCB 18U AAA White,,07/10/2025 20:00:00,Practice,abcm498gg0q0cf0p3k5t7qnbu0
Game,Hillcrest Park SW diamond,07/12/2025 09:00:00,VCB 18U AAA White,Richmond,07/12/2025 11:00:00,,brtj0lc5m3fq7fd23hn6c7qiog
Game,Hillcrest Park SW diamond,07/12/2025 11:30:00,VCB 18U AAA White,Richmond,07/12/2025 13:30:00,,n1manqo2dbqa315ipsnrmum2f0
Game,Hillcrest Park SW diamond,07/12/2025 15:00:00,VCB 18U AAA Blue,Penticton Tigers,07/12/2025 17:00:00,,8csulefvf27g0crqdfjbg16pfc
Game,Hillcrest Park SW diamond,07/12/2025 17:30:00,VCB 18U AAA Blue,Penticton Tigers,07/12/2025 19:30:00,,qp4ge1dfk3dovern5gr4hkuk8o
Game,Hillcrest Park SW diamond,07/13/2025 10:00:00,VCB 18U AAA White,Penticton Tigers,07/13/2025 12:00:00,,k29gnpa5t01jgl0b404irmiang
Game,Hillcrest Park SW diamond,07/13/2025 12:30:00,VCB 18U AAA White,Penticton Tigers,07/13/2025 14:30:00,,s8nr0asp88l4jj42nr6h40nf58
Practice,Hillcrest Park SW diamond,07/15/2025 16:15:00,VCB 18U AAA White,,07/15/2025 18:00:00,Practice,9vnacbt2kb705pg1uskii7ta1o
Game,Hillcrest Park SW diamond,07/15/2025 18:00:00,VCB 18U AAA White,North Delta,07/15/2025 20:00:00,,7l8ic78g1la1491csbqcse9cd0
Practice,Hillcrest Park SW diamond,07/15/2025 18:45:00,VCB 18U AAA Blue,,07/15/2025 20:45:00,Practice,fq32elrls55u2r4fl8dsc8dpjg
Practice,Hillcrest Park SW diamond,07/17/2025 16:45:00,VCB 18U AAA Blue,,07/17/2025 18:45:00,Practice,e1q81thlh9ucuq84liqnh3aoo0
Practice,Hillcrest Park SW diamond,07/17/2025 18:15:00,VCB 18U AAA White,,07/17/2025 20:00:00,Practice,v2ljcrlk7kp9ofsjo9vj5vni5c
Game,Hillcrest Park SW diamond,07/19/2025 12:30:00,VCB 18U AAA Blue,Tri-Cities,07/19/2025 14:30:00,,jggqc1sk2g50kj7peqivsvedfo
Game,Hillcrest Park SW diamond,07/19/2025 15:00:00,VCB 18U AAA Blue,Tri-Cities,07/19/2025 17:00:00,,d08mooeqlpd76n47a7m6g4lhs8
Practice,Hillcrest Park SW diamond,07/22/2025 16:15:00,VCB 18U AAA White,,07/22/2025 18:00:00,Practice,7jc3v01g13njs9rk8166rqg2qc
Practice,Hillcrest Park SW diamond,07/22/2025 18:45:00,VCB 18U AAA Blue,,07/22/2025 20:45:00,Practice,ik81ejbu3iu5ce13dpl6ls4ag4
Practice,Nanaimo Park N diamond,03/30/2025 16:00:00,VCB 13U AA,,03/30/2025 18:00:10,Practice,8ru58u8ubav12tgq1e9hl1bsfc
Game,Nanaimo Park N diamond,04/05/2025 12:00:00,VCB 13U AA,Richmond,04/05/2025 14:00:00,,409fgoqek3dhb88hcjc5m77eb4
Game,Nanaimo Park N diamond,04/12/2025 12:00:00,VCB 13U AA,Tsawwassen,04/12/2025 14:00:00,,46j2c67dj025mi4l7uidu51h5o
Game,Nanaimo Park N diamond,04/19/2025 12:00:00,VCB 13U AA,North Delta,04/19/2025 14:00:00,,ho201qnpdqmiuhlpg17nsfk1dk
Game,Nanaimo Park N diamond,04/26/2025 12:00:00,VCB 13U AA,White Rock Teal,04/26/2025 14:00:00,,lhco01063rsoq8pb0onmkn9t9g
Game,Nanaimo Park N diamond,05/24/2025 12:00:00,VCB 13U AA,White Rock Black,05/24/2025 14:00:00,,aklnff0f5936nd0ascr4pbn22o
Game,Nanaimo Park N diamond,05/24/2025 15:00:00,White Rock Black,VCB 13U AA,05/24/2025 17:00:00,,e5al9ed3srqle00tt0r39shd9g
Game,Nanaimo Park N diamond,05/31/2025 12:00:00,VCB 13U AA,Howe Sound,05/31/2025 14:00:00,,ubkaukbg70e7rflsomf1h0o4f0
Game,Nanaimo Park N diamond,05/31/2025 15:00:00,Howe Sound,VCB 13U AA,05/31/2025 17:00:00,,jsa1qbvotn6l8t81ikrbint43k
Game,Nanaimo Park N diamond,06/07/2025 12:00:00,VCB 13U AA,Ladner,06/07/2025 14:00:00,,92g9im6mk1iaokpfsesjtftp00
Practice,Nanaimo Park SE diamond,03/30/2025 14:00:00,VCB 18U Dodgers,,03/30/2025 16:00:00,Practice Game,h79hnmgj9c43glo91sni0f22ss
Practice,Nanaimo Park SE diamond,03/30/2025 14:00:00,VCB 18U Diamondbacks,,03/30/2025 16:30:00,Practice/Ex Game vs Dodgers,vd0oa8amh0rehvc7o63j7k4edo
Practice,Nanaimo Park SE diamond,04/05/2025 11:30:00,VCB 18U Dodgers,,04/05/2025 13:00:00,VCB 18U AA Dodgers fielding practice,22j7ejud966j3jaqgku0te4po8
Practice,Nanaimo Park SE diamond,04/05/2025 11:30:00,VCB 18U Pirates,,04/05/2025 14:00:00,VCB 18U AA Pirates fielding practice,e9k8bav2eeqcsb0v0bdm7nnnuk
Practice,Nanaimo Park SE diamond,04/05/2025 11:30:00,VCB 18U Marlins,,04/05/2025 14:00:00,VCB 18U AA Marlins fielding practice,tc8igugir33r6fvm27vg8t6kfk
Practice,Nanaimo Park SE diamond,04/05/2025 11:30:00,VCB 18U A's,,04/05/2025 14:00:00,VCB 18U AA A's fielding practice,rigifqc084ol0t75k85197a5ak
Practice,Nanaimo Park SE diamond,04/05/2025 14:30:00,VCB 18U Diamondbacks,,04/05/2025 16:30:00,VCB 18U AA Diamondbacks fielding practice,bfm24audd6cj7fvhsmkah077hk
Practice,Nanaimo Park SE diamond,04/05/2025 14:30:00,VCB 18U Yankees,,04/05/2025 17:00:00,VCB 18U AA Yankees fielding practice,nu66vjluau7sngn5jq9cj073bo
Practice,Nanaimo Park SE diamond,04/05/2025 14:30:00,VCB 18U Mariners,,04/05/2025 17:00:00,VCB 18U AA Mariners fielding practice,8fvbnttpd5l5512k3hhvqkstcs
Game,Nanaimo Park SE diamond,04/06/2025 11:30:00,VCB 18U Diamondbacks,VCB 18U Mariners,04/06/2025 13:30:00,,u0bnnd9nog1rc8gn7kesvlerc0
Game,Nanaimo Park SE diamond,04/06/2025 14:30:00,VCB 18U Reds,VCB 18U A's,04/06/2025 16:30:00,,619p728lguptjgifcn93777u4o
Game,Nanaimo Park SE diamond,04/06/2025 17:30:00,VCB 15U Rockies,VCB 15U Yankees,04/06/2025 19:30:00,,rsm44b60lqfcqpedgbtf2lslck
Game,Nanaimo Park SE diamond,04/12/2025 11:30:00,VCB 18U Dodgers,VCB 18U Rangers,04/12/2025 13:30:00,,3qnamceism0v9c4m3d3taija88
Game,Nanaimo Park SE diamond,04/12/2025 14:30:00,VCB 18U Pirates,VCB 18U A's,04/12/2025 16:30:00,,brl2a3niarlikrv251r2v8njvg
Game,Nanaimo Park SE diamond,04/12/2025 17:30:00,VCB 18U Mariners,VCB 18U Giants,04/12/2025 19:30:00,,vnnggce29bhnnbfod85t91qtco
Game,Nanaimo Park SE diamond,04/13/2025 11:30:00,VCB 18U Rangers,VCB 18U Dodgers,04/13/2025 13:30:00,,hq921dha271m626d89uqqnikds
Game,Nanaimo Park SE diamond,04/13/2025 14:30:00,VCB 18U Yankees,VCB 18U Diamondbacks,04/13/2025 16:30:00,,faf972pgrndmcodcjjbt5g6v6k
Game,Nanaimo Park SE diamond,04/13/2025 17:30:00,VCB 18U Mariners,VCB 18U Reds,04/13/2025 19:30:00,,nca4aanhjaq0u5t1kho2jvgl90
Game,Nanaimo Park SE diamond,04/19/2025 11:30:00,VCB 15U Dodgers,VCB 15U A's,04/19/2025 13:30:00,,lre6k2qbbk14us04vk2m9k7aa4
Game,Nanaimo Park SE diamond,04/19/2025 14:30:00,VCB 18U Reds,VCB 18U Yankees,04/19/2025 16:30:00,,o6c5ntpcav4dpk9dhrm6ub4o2g
Game,Nanaimo Park SE diamond,04/20/2025 11:30:00,VCB 15U A's,VCB 15U Rockies,04/20/2025 13:30:00,,und382p7q83elrhejb7o6tkm2g
Game,Nanaimo Park SE diamond,04/20/2025 14:30:00,VCB 15U Mariners,VCB 15U Expos,04/20/2025 16:30:00,,s61j7ekc5gn1g1koodd4jlc1sk
Game,Nanaimo Park SE diamond,04/20/2025 17:30:00,VCB 15U Dodgers,VCB 15U Blue Jays,04/20/2025 19:30:00,,d62870i176cvuh2gdrk0g733us
Game,Nanaimo Park SE diamond,04/26/2025 11:30:00,VCB 18U Giants,VCB 18U Marlins,04/26/2025 13:30:00,,2lu3int8sjmounmk0u33rtvtd0
Game,Nanaimo Park SE diamond,04/26/2025 14:30:00,VCB 16U Red Sox-Girls,VCB 15U Expos,04/26/2025 16:30:00,,d0naqg0mu0nspgc1d1cu7uguos
Game,Nanaimo Park SE diamond,04/26/2025 17:30:00,VCB 15U A's,VCB 15U Blue Jays,04/26/2025 19:30:00,,s899gt32r0qkejdl05oeii381g
Game,Nanaimo Park SE diamond,04/27/2025 11:30:00,VCB 15U Mariners,VCB 15U Red Sox,04/27/2025 13:30:00,,ev4blh77a34vp4rdq1t5cs32cs
Game,Nanaimo Park SE diamond,04/27/2025 14:30:00,VCB 18U Yankees,VCB 18U Rangers,04/27/2025 16:30:00,,7m1v24rqfv3dellth9dks1l51g
Game,Nanaimo Park SE diamond,04/27/2025 17:30:00,VCB 18U Pirates,VCB 18U Mariners,04/27/2025 19:30:00,,c40b6k7ldr69uq3iku7aljhv5s
Game,Nanaimo Park SE diamond,05/03/2025 12:00:00,VCB 18U Rangers,VCB 18U Reds,05/03/2025 14:00:00,,cq85rim05aq546ams9h6jm56mk
Game,Nanaimo Park SE diamond,05/03/2025 15:00:00,VCB 15U Red Sox,VCB 15U Dodgers,05/03/2025 17:00:00,,ruaj0kllmmbtqac0l4195d6g68
Game,Nanaimo Park SE diamond,05/04/2025 12:00:00,VCB 16U Red Sox-Girls,VCB 16U White Sox,05/04/2025 14:00:00,,b8n02fv9dfvr487abhn0j4rujc
Game,Nanaimo Park SE diamond,05/10/2025 12:00:00,VCB 18U A's,VCB 18U Mariners,05/10/2025 14:00:00,,lah2ju08mmsustcubcp0fbhsfo
Game,Nanaimo Park SE diamond,05/10/2025 15:00:00,VCB 18U Marlins,VCB 18U Yankees,05/10/2025 17:00:00,,qkut0rbj6ebtmdqkd40m2udark
Game,Nanaimo Park SE diamond,05/11/2025 12:00:00,VCB 15U Yankees,VCB 15U Rockies,05/11/2025 14:00:00,,j53v0d8ciddhlvk8o4ihcs73jg
Game,Nanaimo Park SE diamond,05/11/2025 15:00:00,VCB 18U Diamondbacks,VCB 18U Dodgers,05/11/2025 17:00:00,,4i2r89000h6hflv1nn6tfrou30
Game,Nanaimo Park SE diamond,05/24/2025 09:00:00,VCB 15U Red Sox,VCB 16U White Sox,05/24/2025 11:00:00,,ok8ic4c48h0qqg1bkt5ps2n9kg
Game,Nanaimo Park SE diamond,05/24/2025 12:00:00,VCB 15U Yankees,VCB 15U Dodgers,05/24/2025 14:00:00,,s6igm7apvjerpui67ht1sta8sc
Game,Nanaimo Park SE diamond,05/24/2025 15:00:00,VCB 15U Expos,VCB 15U Mariners,05/24/2025 17:00:00,,cajmoul641r9s00v61b5amoqls
Game,Nanaimo Park SE diamond,05/25/2025 09:00:00,VCB 16U White Sox,VCB 16U Red Sox-Girls,05/25/2025 11:00:00,,u4opub1jjj1mvcbjhuuhekvp6o
Game,Nanaimo Park SE diamond,05/25/2025 12:00:00,VCB 15U Yankees,VCB 15U Blue Jays,05/25/2025 14:00:00,,eu3njsv6e3hjoj8hbaull6nm60
Game,Nanaimo Park SE diamond,05/25/2025 15:00:00,VCB 15U A's,VCB 15U Mariners,05/25/2025 17:00:00,,7k1qec8ejegi1i93j3nu7qu6kk
Game,Nanaimo Park SE diamond,05/31/2025 12:00:00,VCB 15U Expos,VCB 15U Blue Jays,05/31/2025 14:00:00,,a3854hhhd9a83i38oiur6p3ai4
Game,Nanaimo Park SE diamond,05/31/2025 15:00:00,VCB 18U Marlins,VCB 18U Dodgers,05/31/2025 17:00:00,,cgo7p219hhedt9eia53u75nd4k
Game,Nanaimo Park SE diamond,06/01/2025 12:00:00,VCB 15U Blue Jays,VCB 15U Yankees,06/01/2025 14:00:00,,clv9568rh2tlbs3ng76mkcu3ek
Game,Nanaimo Park SE diamond,06/01/2025 15:00:00,VCB 18U Mariners,VCB 18U Pirates,06/01/2025 17:00:00,,0bvd2nvmu0pug5jhcfn5fip0r0
Game,Nanaimo Park SE diamond,06/07/2025 12:00:00,VCB 18U A's,VCB 18U Giants,06/07/2025 14:00:00,,igl6hhn7bfgqiarv82q5obq7qc
Game,Nanaimo Park SE diamond,06/07/2025 15:00:00,VCB 18U Yankees,VCB 18U Dodgers,06/07/2025 17:00:00,,o93fcn885v40ltbssd9ptl2hi0
Game,Nanaimo Park SE diamond,06/08/2025 09:00:00,VCB 16U Red Sox-Girls,VCB 16U White Sox,06/08/2025 11:00:00,,690acuftj69ql7jdco6ncdeo6s
Game,Nanaimo Park SE diamond,06/08/2025 12:00:00,VCB 15U Dodgers,VCB 15U Mariners,06/08/2025 14:00:00,,3ndsqh40e6gt36s87bdprou7e8
Game,Nanaimo Park SE diamond,06/14/2025 15:00:00,VCB 18U Diamondbacks,VCB 18U Marlins,06/14/2025 17:00:00,,lbb41rv5mfqlprnbtf0nm8r1bk
Practice,Trafalgar Park,03/31/2025 16:00:00,VCB 18U Giants,,03/31/2025 19:00:00,VCB 18U AA Giants fielding practice,rjldp2306g2c1jc14nfhi75604
Practice,Trafalgar Park,03/31/2025 17:00:00,VCB 18U Rangers,,03/31/2025 18:45:00,VCB 18U AA Rangers practice,kcb11po8ss90jd7bgk2b6ki678
Practice,Trafalgar Park,03/31/2025 18:30:00,VCB 18U Reds,,03/31/2025 21:00:00,VCB 18U AA Reds fielding practice,jqlr8gbgjhopif4s54qogorr14
Practice,Trafalgar Park,03/31/2025 18:30:00,VCB 18U A's,,03/31/2025 21:00:00,VCB 18U AA A's fielding practice,n2pbhl28u036l46adv5jv3t8s4
Practice,Trafalgar Park,04/14/2025 16:00:00,VCB 18U Giants,,04/14/2025 19:00:00,VCB 18U AA Giants fielding practice,hc7nurj7g1hnh1d1pp760pqnec
Practice,Trafalgar Park,04/14/2025 17:00:00,VCB 18U Rangers,,04/14/2025 18:45:00,VCB 18U AA Rangers practice,cugqpulo5herqn5gurmd5korf8
Practice,Trafalgar Park,04/14/2025 18:30:00,VCB 18U Reds,,04/14/2025 21:00:00,VCB 18U AA Reds fielding practice,hstm9gks4uhebsasukasn99u6s
Practice,Trafalgar Park,04/14/2025 18:30:00,VCB 18U A's,,04/14/2025 21:00:00,VCB 18U AA A's fielding practice,4oiq090s3hc4v2iqlmpd6fv25o
Game,Trafalgar Park,04/15/2025 17:30:00,VCB 18U Diamondbacks,VCB 18U Mariners,04/15/2025 19:30:00,,0a8b3a9u1mditgl835ipb9hcns
Practice,Trafalgar Park,04/16/2025 17:30:00,VCB 18U Dodgers,,04/16/2025 19:00:00,VCB 18U AA Dodgers fielding practice,4p95gjrpo6inop0jafopiev30k
Practice,Trafalgar Park,04/16/2025 18:30:00,VCB 18U Pirates,,04/16/2025 21:00:00,VCB 18U AA Pirates fielding practice,sp2vkpqp24dgr76evofb6ooghs
Practice,Trafalgar Park,04/16/2025 18:30:00,VCB 18U Marlins,,04/16/2025 21:00:00,VCB 18U AA Marlins fielding practice,pjb2uh2t0irskplgstt3egtuv4
Game,Trafalgar Park,04/17/2025 17:30:00,VCB 18U Rangers,VCB 18U A's,04/17/2025 19:30:00,,vumt0ro9useho03p07tlqlk8q8
Practice,Trafalgar Park,04/18/2025 16:00:00,VCB 18U Yankees,,04/18/2025 18:30:00,VCB 18U AA Yankees fielding practice,cr5r4jitsnd0n8t98a3ht4ondg
Practice,Trafalgar Park,04/18/2025 17:30:00,VCB 18U Diamondbacks,,04/18/2025 19:30:00,Practice,bmjjaagac3m4hqu96hp3bc24vo
Practice,Trafalgar Park,04/18/2025 18:30:00,VCB 18U Mariners,,04/18/2025 21:00:00,VCB 18U AA Mariners fielding practice,otgr2qnpm3alnikeae8g82hn4s
Practice,Trafalgar Park,04/21/2025 16:00:00,VCB 18U Giants,,04/21/2025 19:00:00,VCB 18U AA Giants fielding practice,0864j6hca1m9da3qjngiv72jvk
Practice,Trafalgar Park,04/21/2025 17:00:00,VCB 18U Rangers,,04/21/2025 18:45:00,VCB 18U AA Rangers practice,vvkq3k5gnjq3fppab91btbvj64
Practice,Trafalgar Park,04/21/2025 18:30:00,VCB 18U Reds,,04/21/2025 21:00:00,VCB 18U AA Reds fielding practice,dp784e3vm8ughi4hvg70eur744
Practice,Trafalgar Park,04/21/2025 18:30:00,VCB 18U A's,,04/21/2025 21:00:00,VCB 18U AA A's fielding practice,n8flln2jlaipn7raqaq2jsm9qc
Game,Trafalgar Park,04/22/2025 17:30:00,VCB 18U A's,VCB 18U Rangers,04/22/2025 19:30:00,,q76f9eptrv9230eoh0mliolrt0
Practice,Trafalgar Park,04/23/2025 17:30:00,VCB 18U Dodgers,,04/23/2025 19:00:00,VCB 18U AA Dodgers fielding practice,b86v8eaf7s1ulhvqv7stind3k8
Practice,Trafalgar Park,04/23/2025 18:30:00,VCB 18U Pirates,,04/23/2025 21:00:00,VCB 18U AA Pirates fielding practice,6ql3045j7thv25eu7q1340gtf0
Practice,Trafalgar Park,04/23/2025 18:30:00,VCB 18U Marlins,,04/23/2025 21:00:00,VCB 18U AA Marlins fielding practice,49gg5ktce72mmaq513n9um59qo
Game,Trafalgar Park,04/24/2025 17:30:00,VCB 18U Dodgers,VCB 18U Rangers,04/24/2025 19:30:00,,rv5t3lfco265gsknhci0hqcno4
Practice,Trafalgar Park,04/25/2025 16:00:00,VCB 18U Yankees,,04/25/2025 18:30:00,VCB 18U AA Yankees fielding practice,usk11hs53ptt49qaev7q0ngqrc
Practice,Trafalgar Park,04/25/2025 17:30:00,VCB 18U Diamondbacks,,04/25/2025 19:30:00,Practice,c5603bukfhveodjr5t1r30app4
Practice,Trafalgar Park,04/25/2025 18:30:00,VCB 18U Mariners,,04/25/2025 21:00:00,VCB 18U AA Mariners fielding practice,jegtf7h5vj7npbmft8umnfomhg
Practice,Trafalgar Park,04/28/2025 16:00:00,VCB 18U Giants,,04/28/2025 19:00:00,VCB 18U AA Giants fielding practice,6s41nfqvn3fnthki88pqcfu738
Practice,Trafalgar Park,04/28/2025 17:00:00,VCB 18U Rangers,,04/28/2025 18:45:00,VCB 18U AA Rangers practice,s52mn96a0kfsu1di7p94vm0uo4
Practice,Trafalgar Park,04/28/2025 18:30:00,VCB 18U Reds,,04/28/2025 21:00:00,VCB 18U AA Reds fielding practice,0mf5n4cfhj8vef0tugspvhgib4
Practice,Trafalgar Park,04/28/2025 18:30:00,VCB 18U A's,,04/28/2025 21:00:00,VCB 18U AA A's fielding practice,rkf7c924tkjdeq7ghni82ki4i8
Game,Trafalgar Park,04/29/2025 17:30:00,VCB 18U Rangers,VCB 18U Diamondbacks,04/29/2025 19:30:00,,tlvl3tvamc1ca078s74nqknn10
Practice,Trafalgar Park,04/30/2025 17:30:00,VCB 18U Dodgers,,04/30/2025 19:00:00,VCB 18U AA Dodgers fielding practice,dfbeaov512vmonvk5sp453fe9g
Practice,Trafalgar Park,04/30/2025 18:30:00,VCB 18U Pirates,,04/30/2025 21:00:00,VCB 18U AA Pirates fielding practice,5gs71j4a6evu139v94982b4gro
Practice,Trafalgar Park,04/30/2025 18:30:00,VCB 18U Marlins,,04/30/2025 21:00:00,VCB 18U AA Marlins fielding practice,fqo8uos336rkuovhgfdfsl0sj0
Game,Trafalgar Park,05/01/2025 18:00:00,VCB 18U A's,VCB 18U Yankees,05/01/2025 20:00:00,,t7di43ruiir5k7357paecqggo4
Practice,Trafalgar Park,05/02/2025 16:00:00,VCB 18U Yankees,,05/02/2025 18:30:00,VCB 18U AA Yankees fielding practice,e5n511bmgvvd8ujk7vf3rhtkcc
Practice,Trafalgar Park,05/02/2025 17:30:00,VCB 18U Diamondbacks,,05/02/2025 19:30:00,Practice,apap4k9agsshor8rj7laoi3n6o
Practice,Trafalgar Park,05/02/2025 18:30:00,VCB 18U Mariners,,05/02/2025 21:00:00,VCB 18U AA Mariners fielding practice,3fk5cni6kb09esrtk2ai2l82bg
Practice,Trafalgar Park,05/05/2025 16:00:00,VCB 18U Giants,,05/05/2025 19:00:00,VCB 18U AA Giants fielding practice,73thua47t2q6u8rgfquucr6ots
Practice,Trafalgar Park,05/05/2025 17:00:00,VCB 18U Rangers,,05/05/2025 18:45:00,VCB 18U AA Rangers practice,p264aimtfio6qjeuv4ilas2vmg
Practice,Trafalgar Park,05/05/2025 18:30:00,VCB 18U Reds,,05/05/2025 21:00:00,VCB 18U AA Reds fielding practice,r0ne2eirg8gem3iafon5ecbho8
Practice,Trafalgar Park,05/05/2025 18:30:00,VCB 18U A's,,05/05/2025 21:00:00,VCB 18U AA A's fielding practice,ja3kbgjhi6o1a865lfcmknideg
Game,Trafalgar Park,05/06/2025 18:00:00,VCB 18U Mariners,VCB 18U Dodgers,05/06/2025 20:00:00,,0mucli9hs7s365p18f39pt8138
Practice,Trafalgar Park,05/07/2025 17:30:00,VCB 18U Dodgers,,05/07/2025 19:00:00,VCB 18U AA Dodgers fielding practice,hctn7kiealqksiac16le62b7c4
Practice,Trafalgar Park,05/07/2025 18:30:00,VCB 18U Pirates,,05/07/2025 21:00:00,VCB 18U AA Pirates fielding practice,997tse0m3q1jpgbv4s9f539he8
Practice,Trafalgar Park,05/07/2025 18:30:00,VCB 18U Marlins,,05/07/2025 21:00:00,VCB 18U AA Marlins fielding practice,3c9mqh8p03sfpvsu08knc2hsjs
Game,Trafalgar Park,05/08/2025 18:00:00,VCB 18U Marlins,VCB 18U Giants,05/08/2025 20:00:00,,qq4f2dq22qrviropvue09n4jtg
Practice,Trafalgar Park,05/09/2025 16:00:00,VCB 18U Yankees,,05/09/2025 18:30:00,VCB 18U AA Yankees fielding practice,je2kec3k35gt0nqb6mjbqdr8ug
Practice,Trafalgar Park,05/09/2025 17:30:00,VCB 18U Diamondbacks,,05/09/2025 19:30:00,Practice,i6fkabhpvp4cqutk7qmqhg445s
Practice,Trafalgar Park,05/09/2025 18:30:00,VCB 18U Mariners,,05/09/2025 21:00:00,VCB 18U AA Mariners fielding practice,q03kclrt5rou8r2pjrapmmlbo0
Practice,Trafalgar Park,05/12/2025 16:00:00,VCB 18U Giants,,05/12/2025 19:00:00,VCB 18U AA Giants fielding practice,5lq26k2s7gmm9gre6hdeto9g80
Practice,Trafalgar Park,05/12/2025 17:00:00,VCB 18U Rangers,,05/12/2025 18:45:00,VCB 18U AA Rangers practice,jr7agr3j3k3o2gc0j1jtu8q9ec
Practice,Trafalgar Park,05/12/2025 18:30:00,VCB 18U Reds,,05/12/2025 21:00:00,VCB 18U AA Reds fielding practice,qc0jvo26a44g18r5tfp4jv606s
Practice,Trafalgar Park,05/12/2025 18:30:00,VCB 18U A's,,05/12/2025 21:00:00,VCB 18U AA A's fielding practice,oja5gj66iq25v3adkvk3kp51mg
Game,Trafalgar Park,05/13/2025 18:00:00,VCB 18U Pirates,VCB 18U Giants,05/13/2025 20:00:00,,t8fikbn02ab1m3tltiu5tj2d7g
Practice,Trafalgar Park,05/14/2025 17:30:00,VCB 18U Dodgers,,05/14/2025 19:00:00,VCB 18U AA Dodgers fielding practice,bvgtt71k3odfad65a1jrbtsm4k
Practice,Trafalgar Park,05/14/2025 18:30:00,VCB 18U Pirates,,05/14/2025 21:00:00,VCB 18U AA Pirates fielding practice,v4bjd8elen5vh1npnv8ts7pck4
Practice,Trafalgar Park,05/14/2025 18:30:00,VCB 18U Marlins,,05/14/2025 21:00:00,VCB 18U AA Marlins fielding practice,sht18g2an6c7ji2pgnp9jpn9fk
Game,Trafalgar Park,05/15/2025 18:00:00,VCB 18U Yankees,VCB 18U Giants,05/15/2025 20:00:00,,5al9dmep0n0v90lhtcu634sg9o
Practice,Trafalgar Park,05/16/2025 16:00:00,VCB 18U Yankees,,05/16/2025 18:30:00,VCB 18U AA Yankees fielding practice,bllp5cm1k557fv4l9qsglogm00
Practice,Trafalgar Park,05/16/2025 17:30:00,VCB 18U Diamondbacks,,05/16/2025 19:30:00,Practice,rlgqb6dasif81cdipprjk2mgns
Practice,Trafalgar Park,05/16/2025 18:30:00,VCB 18U Mariners,,05/16/2025 21:00:00,VCB 18U AA Mariners fielding practice,vehjn3k6ghp3gr9veeb9sd1sd0
Practice,Trafalgar Park,05/19/2025 16:00:00,VCB 18U Giants,,05/19/2025 19:00:00,VCB 18U AA Giants fielding practice,najhdk6v3cak0pj0dp6ldf97vk
Practice,Trafalgar Park,05/19/2025 17:00:00,VCB 18U Rangers,,05/19/2025 18:45:00,VCB 18U AA Rangers practice,gi720n70b2evqi0q6snc7robms
Practice,Trafalgar Park,05/19/2025 18:30:00,VCB 18U Reds,,05/19/2025 21:00:00,VCB 18U AA Reds fielding practice,kvuitebtjlbhq1nru61rttp36k
Practice,Trafalgar Park,05/19/2025 18:30:00,VCB 18U A's,,05/19/2025 21:00:00,VCB 18U AA A's fielding practice,ce11ibc2lgksndoqvrqv6gtpbk
Game,Trafalgar Park,05/20/2025 18:00:00,VCB 18U Yankees,VCB 18U Reds,05/20/2025 20:00:00,,ol57de5clicj3v5a3ko11lk924
Practice,Trafalgar Park,05/21/2025 17:30:00,VCB 18U Dodgers,,05/21/2025 19:00:00,VCB 18U AA Dodgers fielding practice,i0ad1ou0afnk58c5hv7cdkru2g
Practice,Trafalgar Park,05/21/2025 18:30:00,VCB 18U Pirates,,05/21/2025 21:00:00,VCB 18U AA Pirates fielding practice,38mfso24dlms86oa9g4ji4fnn8
Practice,Trafalgar Park,05/21/2025 18:30:00,VCB 18U Marlins,,05/21/2025 21:00:00,VCB 18U AA Marlins fielding practice,p0gt47um3qjd7et7480pd62sus
Game,Trafalgar Park,05/22/2025 18:00:00,VCB 18U Giants,VCB 18U Dodgers,05/22/2025 20:00:00,,a947rnp9oe200es7auk2ja21k4
Practice,Trafalgar Park,05/23/2025 16:00:00,VCB 18U Yankees,,05/23/2025 18:30:00,VCB 18U AA Yankees fielding practice,ogguk87n3b0lkbfl8r5qenam78
Practice,Trafalgar Park,05/23/2025 17:30:00,VCB 18U Diamondbacks,,05/23/2025 19:30:00,Practice,5hkrthfi772p1l4ru3qj0p3bjk
Practice,Trafalgar Park,05/23/2025 18:30:00,VCB 18U Mariners,,05/23/2025 21:00:00,VCB 18U AA Mariners fielding practice,u2455a74lmn8b1ntffuvd2dfhk
Game,Trafalgar Park,05/25/2025 15:00:00,VCB 18U Diamondbacks,VCB 18U A's,05/25/2025 17:00:00,,8acdnqn89o6ul9ff7q960vsdes
Game,Trafalgar Park,05/25/2025 18:00:00,VCB 18U Rangers,VCB 18U Marlins,05/25/2025 20:00:00,,7f4afs6r9fq6ppujo19tfdpe10
Practice,Trafalgar Park,05/26/2025 16:00:00,VCB 18U Giants,,05/26/2025 19:00:00,VCB 18U AA Giants fielding practice,kc7eimr01k2mdakrjh93h4snuk
Practice,Trafalgar Park,05/26/2025 17:00:00,VCB 18U Rangers,,05/26/2025 18:45:00,VCB 18U AA Rangers practice,hpggrag8o41mhfr1ivt96ubu54
Practice,Trafalgar Park,05/26/2025 18:30:00,VCB 18U Reds,,05/26/2025 21:00:00,VCB 18U AA Reds fielding practice,ppu70as85rublbmb6nk5qpiisg
Practice,Trafalgar Park,05/26/2025 18:30:00,VCB 18U A's,,05/26/2025 21:00:00,VCB 18U AA A's fielding practice,5fvanjfkmodjok364sv750qrtc
Game,Trafalgar Park,05/27/2025 18:00:00,VCB 18U Reds,VCB 18U Mariners,05/27/2025 20:00:00,,ncnjni0euos09rcud3um9ai4i4
Practice,Trafalgar Park,05/28/2025 17:30:00,VCB 18U Dodgers,,05/28/2025 19:00:00,VCB 18U AA Dodgers fielding practice,kojuv8v2qv1pllu8043pi4ubcg
Practice,Trafalgar Park,05/28/2025 18:30:00,VCB 18U Pirates,,05/28/2025 21:00:00,VCB 18U AA Pirates fielding practice,obepn6m4pnmlekr9p15oan0efg
Practice,Trafalgar Park,05/28/2025 18:30:00,VCB 18U Marlins,,05/28/2025 21:00:00,VCB 18U AA Marlins fielding practice,hjgobk9n3km1diknvkh0a4nl88
Practice,Trafalgar Park,05/30/2025 16:00:00,VCB 18U Yankees,,05/30/2025 18:30:00,VCB 18U AA Yankees fielding practice,mcpe2j9bk3c0oujcijf9h54l2c
Practice,Trafalgar Park,05/30/2025 17:30:00,VCB 18U Diamondbacks,,05/30/2025 19:30:00,Practice,j1uttn05jkhlse5iju6vbrql94
Practice,Trafalgar Park,05/30/2025 18:30:00,VCB 18U Mariners,,05/30/2025 21:00:00,VCB 18U AA Mariners fielding practice,0534pu8vsunidvui7mli93agqs
Practice,Trafalgar Park,06/02/2025 16:00:00,VCB 18U Giants,,06/02/2025 19:00:00,VCB 18U AA Giants fielding practice,6ie8sgh64mgaq157gvl44bcg00
Practice,Trafalgar Park,06/02/2025 17:00:00,VCB 18U Rangers,,06/02/2025 18:45:00,VCB 18U AA Rangers practice,b0br0plqf3ku47enafnu4mese0
Practice,Trafalgar Park,06/02/2025 18:30:00,VCB 18U Reds,,06/02/2025 21:00:00,VCB 18U AA Reds fielding practice,3i43ilpnvroh5fg4qehsvsc4vk
Practice,Trafalgar Park,06/02/2025 18:30:00,VCB 18U A's,,06/02/2025 21:00:00,VCB 18U AA A's fielding practice,35hdouj6uvnjubbfo9pjpjceks
Game,Trafalgar Park,06/03/2025 18:00:00,VCB 18U A's,VCB 18U Pirates,06/03/2025 20:00:00,,g2lsphalmuckq0ifb6la2og92o
Practice,Trafalgar Park,06/04/2025 17:30:00,VCB 18U Dodgers,,06/04/2025 19:00:00,VCB 18U AA Dodgers fielding practice,r4qctf6h03f5tqu5atb0funju0
Practice,Trafalgar Park,06/04/2025 18:30:00,VCB 18U Pirates,,06/04/2025 21:00:00,VCB 18U AA Pirates fielding practice,u2r5mv7rf4gi5bv6krqb272b8g
Practice,Trafalgar Park,06/04/2025 18:30:00,VCB 18U Marlins,,06/04/2025 21:00:00,VCB 18U AA Marlins fielding practice,g5pc2or9sr6dj8ug8b3nqlokpg
Game,Trafalgar Park,06/05/2025 18:00:00,VCB 18U Dodgers,VCB 18U Reds,06/05/2025 20:00:00,,ntgqnagl8d5kj05qm1koas9huo
Practice,Trafalgar Park,06/06/2025 16:00:00,VCB 18U Yankees,,06/06/2025 18:30:00,VCB 18U AA Yankees fielding practice,6aeedlbti8k4h0o0q0qdqn9nlo
Practice,Trafalgar Park,06/06/2025 17:30:00,VCB 18U Diamondbacks,,06/06/2025 19:30:00,Practice,5bbtsdhjn1c7poie2unbrargjo
Practice,Trafalgar Park,06/06/2025 18:30:00,VCB 18U Mariners,,06/06/2025 21:00:00,VCB 18U AA Mariners fielding practice,8ngjg4rsgf6av6jlc5unjgcdag
Game,Trafalgar Park,06/08/2025 12:00:00,VCB 18U Rangers,VCB 18U A's,06/08/2025 14:00:00,,fda5f7ehq4su1rrc6rkjjhir58
Game,Trafalgar Park,06/08/2025 15:00:00,VCB 18U Giants,VCB 18U Marlins,06/08/2025 17:00:00,,1uv186fq1u82buc2md145nlrms
Practice,Trafalgar Park,06/09/2025 16:00:00,VCB 18U Giants,,06/09/2025 19:00:00,VCB 18U AA Giants fielding practice,heeq6tnflblturb2mnkfkp3elo
Practice,Trafalgar Park,06/09/2025 17:00:00,VCB 18U Rangers,,06/09/2025 18:45:00,VCB 18U AA Rangers practice,k3b3asvjhn9q0mgtbtlo9a2dok
Practice,Trafalgar Park,06/09/2025 18:30:00,VCB 18U Reds,,06/09/2025 21:00:00,VCB 18U AA Reds fielding practice,pmn2e52c7jncbnp88cu3jujcjc
Practice,Trafalgar Park,06/09/2025 18:30:00,VCB 18U A's,,06/09/2025 21:00:00,VCB 18U AA A's fielding practice,hr7ibf6g3i6npa9j99ig3npbbo
Game,Trafalgar Park,06/10/2025 18:00:00,VCB 18U A's,VCB 18U Reds,06/10/2025 20:00:00,,ltb4cvjugre4jh2fmmv49r6r4c
Practice,Trafalgar Park,06/11/2025 17:30:00,VCB 18U Dodgers,,06/11/2025 19:00:00,VCB 18U AA Dodgers fielding practice,nu9vgqek9ik6a4c1segnrms1rc
Practice,Trafalgar Park,06/11/2025 18:30:00,VCB 18U Pirates,,06/11/2025 21:00:00,VCB 18U AA Pirates fielding practice,if6g228j910m46680b6j8nrrpk
Practice,Trafalgar Park,06/11/2025 18:30:00,VCB 18U Marlins,,06/11/2025 21:00:00,VCB 18U AA Marlins fielding practice,fkked2sf8c9ev7hfa2n3n8ui14
Game,Trafalgar Park,06/12/2025 18:00:00,VCB 18U Mariners,VCB 18U Pirates,06/12/2025 20:00:00,,smduc2ad4k899o55ue9oqo3tm8
Practice,Trafalgar Park,06/13/2025 16:00:00,VCB 18U Yankees,,06/13/2025 18:30:00,VCB 18U AA Yankees fielding practice,6ploq457kqacv0fo5q5s9m3drs
Practice,Trafalgar Park,06/13/2025 17:30:00,VCB 18U Diamondbacks,,06/13/2025 19:30:00,Practice,3oeqmml6mrifmarpgqo9bn7t1s
Practice,Trafalgar Park,06/13/2025 18:30:00,VCB 18U Mariners,,06/13/2025 21:00:00,VCB 18U AA Mariners fielding practice,gf1mfsljpdblot4jfhhem298uo
Practice,Trafalgar Park,06/16/2025 16:00:00,VCB 18U Giants,,06/16/2025 19:00:00,VCB 18U AA Giants fielding practice,eig7kleap7g601mh4lbl5mbbq0
Practice,Trafalgar Park,06/16/2025 17:00:00,VCB 18U Rangers,,06/16/2025 18:45:00,VCB 18U AA Rangers practice,93m0ql89r6ejl1tb84a54519a4
Practice,Trafalgar Park,06/16/2025 18:30:00,VCB 18U Reds,,06/16/2025 21:00:00,VCB 18U AA Reds fielding practice,ealvf3dfpfeddmmfsjl9bomu6g
Practice,Trafalgar Park,06/16/2025 18:30:00,VCB 18U A's,,06/16/2025 21:00:00,VCB 18U AA A's fielding practice,50ua259qnlesvi3o54o26nfjck
Practice,Trafalgar Park,06/18/2025 17:30:00,VCB 18U Dodgers,,06/18/2025 19:00:00,VCB 18U AA Dodgers fielding practice,qp0gmklstdmsgi86jvplo3kf38
Practice,Trafalgar Park,06/18/2025 18:30:00,VCB 18U Pirates,,06/18/2025 21:00:00,VCB 18U AA Pirates fielding practice,4k33k8j489d4nh97v78p233fus
Practice,Trafalgar Park,06/18/2025 18:30:00,VCB 18U Marlins,,06/18/2025 21:00:00,VCB 18U AA Marlins fielding practice,ja830m4t69fsubh7uk169ml5n4
Practice,Trafalgar Park,06/20/2025 16:00:00,VCB 18U Yankees,,06/20/2025 18:30:00,VCB 18U AA Yankees fielding practice,77iheg0gs3vmr0ok5qa42khgpg
Practice,Trafalgar Park,06/20/2025 17:30:00,VCB 18U Diamondbacks,,06/20/2025 19:30:00,Practice,8hlobpk89h8u9a3rd7p95pev6c
Practice,Trafalgar Park,06/20/2025 18:30:00,VCB 18U Mariners,,06/20/2025 21:00:00,VCB 18U AA Mariners fielding practice,nrtm9uqgom7feu6fkjos5pol6c
Practice,Trafalgar Park,06/27/2025 17:30:00,VCB 18U Diamondbacks,,06/27/2025 19:30:00,Practice,cifkhb908sd3a5t2cqpso6o3lg
